# key	a(0-3 approachability)	domain code	e(1 = reports own data)
# domains: L life M mind P physics E earth C chem X maths/computing B medicine G engineering H history S society K language/culture
controlatstabilitysedgeminimizesenergeticcostsexpertstickbalancing	2	M	1
wordknowledgeinsixtoninemontholdnorwegianinfantsnotwithoutadditionalfrequencycue	2	K	1
multiphotontimedomainfluorescencelifetimeimagingmicroscopypracticalapplicationto	0	C	0
firstevidenceforzooplanktonfeedingsustainingkeyphysiologicalprocessesinascleract	2	L	1
chemophotothermaltherapycombinationelicitsantitumorimmunityagainstadvancedmetast	1	B	1
twodimensionalatomiccrystals	1	C	1
highlevelsofcrypticspeciesdiversityuncoveredinamazonianfrogs	2	L	1
honeybeeodometryperformanceinvaryingnaturalterrain	2	L	1
groupsocialrankisassociatedwithperformanceonaspatiallearningtask	2	M	1
neuronalactivityinratbarrelcortexunderlyingtexturediscrimination	1	M	1
fingerprintingtheimpactsofglobalchangeontropicalforests	2	E	1
howlifehistoryanddemographypromoteorinhibittheevolutionofhelpingbehaviours	1	L	0
theevolutionandcomparativeneurobiologyofendocannabinoidsignalling	0	L	0
temporalpatternsofhappinessandinformationinaglobalsocialnetworkhedonometricsandt	3	S	1
locuscoeruleustobasolateralamygdalanoradrenergicprojectionspromoteanxietylikebeh	0	M	1
beyondthewholegenomeduplicationphylogeneticevidenceforanancientinterspecieshybri	0	L	1
experimentalevolutionofaplantpathogenintoalegumesymbiont	2	L	1
thewarondrugsmethamphetaminepublichealthandcrime	3	S	1
selfpoweredtextileforwearableelectronicsbyhybridizingfibershapednanogeneratorsso	2	G	1
systematicrevisionofsymbiodiniaceaehighlightstheantiquityanddiversityofcoralendo	0	L	0
singlelayernanosheetswithexceptionallyhighandanisotropichydroxylionconductivity	0	C	1
melanopsinasasleepmodulatorcircadiangatingofthedirecteffectsoflightonsleepandalt	0	B	1
potentialetiologicandfunctionalimplicationsofgenomewideassociationlociforhumandi	0	B	0
usingenvironmentaldnatoestimatethedistributionofaninvasivefishspeciesinponds	2	L	1
networkmodulesandhubsinplantrootfungalbiomes	1	L	1
eigenvectorcentralitymappingforanalyzingconnectivitypatternsinfmridataofthehuman	0	M	0
dietcompositionandsocialenvironmentdeterminefoodconsumptionphenotypeandfecundity	1	L	1
phoneticlearningasapathwaytolanguagenewdataandnativelanguagemagnettheoryexpanded	2	K	1
mitochondrialphysiologyandreactiveoxygenspeciesproductionarealteredbyhypoxiaaccl	1	L	1
designofbiomimeticfibrillarinterfaces1makingcontact	1	G	1
privatetraitsandattributesarepredictablefromdigitalrecordsofhumanbehavior	3	S	1
acutethermalstressandvariousheavymetalsinducetissuespecificproorantiapoptoticeve	0	L	1
thebrainbasisformisophonia	2	M	1
ananionimmobilizedcompositeelectrolytefordendritefreelithiummetalanodes	0	C	1
plantinspiredadhesiveandtoughhydrogelbasedonagligninnanoparticlestriggereddynami	1	C	1
throughageingandbeyondgutmicrobiotaandinflammatorystatusinseniorsandcentenarians	2	B	1
molecularcatalystsystemsaskeyenablersfortailoredpolyestersandpolycarbonaterecycl	1	C	1
keystoneeffectsofanalientoppredatorstemextinctionsofnativemammals	2	L	1
molecularsubtypesofdiffuselargebcelllymphomaarisebydistinctgeneticpathways	0	B	1
proteomicprofilingplatformsheadtoheadleveraginggeneticsandclinicaltraitstocompar	0	B	0
changinghouseholdfinancialopportunitiesandeconomicsecurity	2	S	1
greensynthesisofcarbonquantumdotsembeddedontotitaniumdioxidenanowiresforenhancin	0	C	1
stimulationofpiezo1bymechanicalsignalspromotesboneanabolism	1	B	1
thefootismorethanaspringhumanfootmusclesperformworktoadapttotheenergeticrequirem	2	B	1
hypoxiaischemiaintheimmaturebrain	0	B	0
neuroepithelialcellsandthehypoxiaemersionresponseintheamphibiousfishkryptolebias	0	L	1
hostgenotypeandageshapetheleafandrootmicrobiomesofawildperennialplant	1	L	1
assemblyandecologicalfunctionoftherootmicrobiomeacrossangiospermplantspecies	1	L	1
evolutionofmelanopsinphotoreceptorsdiscoveryandcharacterizationofanewmelanopsini	0	L	1
historicalbiogeographyoftwocosmopolitanfamiliesoffloweringplantsannonaceaeandrha	0	L	1
highbandwidthsynapticcommunicationandfrequencytrackinginhumanneocortex	0	M	1
enrichmentmapanetworkbasedmethodforgenesetenrichmentvisualizationandinterpretati	0	X	0
awindowonthegeneticsofevolutionmc1randplumagecolourationinbirds	2	L	1
positiontrackingandidentitytrackingareseparatesystemsevidencefromeyemovements	1	M	1
mitochondriaarephysiologicallymaintainedatcloseto50c	3	L	1
cellproliferationat122candisotopicallyheavych4productionbyahyperthermophilicmeth	2	L	1
variablegeneexpressionineukaryotesanetworkperspective	0	L	0
multipledimensionsofprivateinformationevidencefromthelongtermcareinsurancemarket	1	S	1
imitateorinnovatechildrensinnovationisinfluencedbytheefficacyofobservedbehaviour	2	M	1
linearityandtimescaleinvarianceofthecreepfunctioninlivingcells	0	L	1
redirectionofcenterofmassvelocityduringthesteptosteptransitionofhumanwalking	2	B	1
theroleofinvasivetrophoblastinimplantationandplacentationofprimates	0	L	0
rewardpriorityofvisualtargetsingletonsmodulateseventrelatedpotentialsignaturesof	1	M	1
competenceimpliescredibility	2	S	0
unifiedquantitativecharacterizationofepithelialtissuedevelopment	0	L	1
atypicalintrinsicneuraltimescaleinautism	2	M	1
speechperceptionattheinterfaceofneurobiologyandlinguistics	1	K	0
preschoolsreduceearlyacademicachievementgaps	3	S	1
humanembryoniclungepithelialtipsaremultipotentprogenitorsthatcanbeexpandedinvitr	0	B	1
effectsofhypertrophicanddilatedcardiomyopathymutationsonpoweroutputbyhumanβcardi	0	B	1
unravelingthehispanichealthparadox	3	B	1
anunfoldedproteininducedconformationalswitchactivatesmammalianire1	0	L	1
managingclimatechangerefugiaforclimateadaptation	2	E	0
semaphorin3ainducesnerveregenerationintheadultcorneaaswitchfromitsrepulsiverolei	0	B	1
phenotypicplasticityanddiversityininsects	1	L	0
fumaraseamitochondrialmetabolicenzymeandacytosolicnuclearcomponentofthednadamage	0	L	0
largescaleinvestigationofthereasonswhypotentiallyimportantgenesareignored	2	S	1
gliomaassociatedmicrogliamacrophagesdisplayanexpressionprofiledifferentfromm1and	0	B	1
densitydependentchangesinneophobiaandstresscopingstylesintheworldsoldestfarmedfi	2	L	1
diseaseavoidanceasafunctionalbasisforstigmatization	3	M	1
thediversityandfunctionofsourdoughstartermicrobiomes	3	L	1
sciencedemandsexplanationreligiontoleratesmystery	3	M	1
characterizingthemechanismofactionofdoublestrandedrnaactivityagainstwesterncornr	1	L	1
mathematicalmodelsanddeeplearningforpredictingthenumberofindividualsreportedtobe	1	X	0
formallanguagetheoryrefiningthechomskyhierarchy	0	X	0
mirnadirectedregulationofvegfandotherangiogenicfactorsunderhypoxia	0	L	0
constraintbasedstoichiometricmodellingfromsingleorganismstomicrobialcommunities	0	X	0
structuralbasisforfesclusterassemblyandtrnathiolationmediatedbyiscsproteinprotei	0	L	1
circulationandchemotaxisoffetalhematopoieticstemcells	0	B	1
processingofpremicrornasbythedicer1loquaciouscomplexindrosophilacells	0	L	1
presentandfutureglobaldistributionsofthemarinecyanobacteriaprochlorococcusandsyn	2	E	0
theeffectsofhighstakeshighschoolachievementawardsevidencefromarandomizedtrial	3	S	1
readoutfromiconicmemoryandselectivespatialattentioninvolvesimilarneuralprocesses	1	M	1
sexualselectionexplainsrenschsruleofallometryforsexualsizedimorphism	2	L	1
alargeproportionofpfalciparumisolatesintheamazonregionofperulackpfhrp2andpfhrp3i	1	B	1
highlyvariablechloroplastmarkersforevaluatingplantphylogenyatlowtaxonomiclevelsa	0	L	0
thegrowinggapinlifeexpectancyusingthefutureelderlymodeltoestimateimplicationsfor	3	S	0
circadiandisorganizationaltersintestinalmicrobiota	2	B	1
planthormonejasmonateprioritizesdefenseovergrowthbyinterferingwithgibberellinsig	0	L	1
trophicdynamicsofscleractiniancoralsastableisotopeevidence	1	L	1
analytictheoriesofallometricscaling	0	L	0
structureofthemycobacterialatpsynthaseforotorringincomplexwiththeantitbdrugbedaq	0	B	1
environmentalvariabilityintheearlyrearingenvironmentgeneratesbehaviourallyflexib	1	L	1
integratingstochasticityandnetworkstructureintoanepidemicmodel	0	X	0
differentlanguagessimilarencodingefficiencycomparableinformationratesacrossthehu	3	K	1
longactingreversiblecontraceptionbyeffervescentmicroneedlepatch	2	B	1
lawsofconcatenatedperceptionvisiongoesfornoveltydecisionsforperseverance	1	M	1
ruralroadsandlocaleconomicdevelopment	2	S	1
aconstitutivemodelformusclepropertiesinasoftbodiedarthropod	0	L	1
the800billionpaycheckprotectionprogramwheredidthemoneygoandwhydiditgothere	3	S	1
molecularprofilingofbreastcancercelllinesdefinesrelevanttumormodelsandprovidesar	0	B	1
rewardbasedtrainingofrecurrentneuralnetworksforcognitiveandvaluebasedtasks	0	X	0
sexbiasedsurvivalpredictsadultsexratiovariationinwildbirds	1	L	1
diversificationratesandphenotypicevolutioninvenomoussnakeselapidae	2	L	1
afreshlookatthefossilevidenceforearlyarchaeancellularlife	2	L	0
selfassemblyofsodiumdodecylsulfateanddodecyltrimethylammoniumbromidemixedsurfact	0	C	1
ontheroadtosomewherebrainpotentialsreflectlanguageeffectsonmotioneventperception	1	K	1
excisetaxeswithmultiproducttransactions	1	S	0
networkconnectionsdyadicbondsandfitnessinwildfemalebaboons	2	L	1
anefficientcrisprbasedstrategytoinsertsmallandlargefragmentsofdnausingshorthomol	0	L	0
tumorderivedexosomalmir12473pinducescancerassociatedfibroblastactivationtofoster	0	B	1
directevidenceformicrobialderivedsoilorganicmatterformationanditsecophysiologica	1	E	1
theriseofrobotsinchina	3	S	1
fastidentificationandremovalofsequencecontaminationfromgenomicandmetagenomicdata	0	X	0
thesplicingregulatorsesrp1andesrp2directanepithelialsplicingprogramessentialform	0	L	1
simulationandinferencealgorithmsforstochasticbiochemicalreactionnetworksfrombasi	0	X	0
structureandvibrationalspectroscopyofmethanesulfonicacid	0	C	1
acensusofmarinebiodiversityknowledgeresourcesandfuturechallenges	2	L	0
theroleofmicrornagenesinpapillarythyroidcarcinoma	0	B	1
interpretingthevonbertalanffymodelofsomaticgrowthinfishesthecostofreproduction	1	L	0
carbonicanhydrasegeneratesco2andhthatdrivespidersilkformationviaoppositeeffectso	2	L	1
alongnoncodingrnaisrequiredfortargetingcentromericproteinatothehumancentromere	0	L	1
fatfibreandcancerriskinafricanamericansandruralafricans	3	B	1
revisionofthelatejurassicteleosauridgenusmachimosauruscrocodylomorphathalattosuc	2	H	1
escapingtheflowboundarylayerusebythedarteretheostomatetrazonumpercidaeduringbent	1	L	1
climateshapedtheworldwidedistributionofhumanmitochondrialdnasequencevariation	2	L	1
typeiiisecretionsystemsthebacterialflagellumandtheinjectisome	0	L	0
singlecelltranscriptomicsofhumantcellsrevealstissueandactivationsignaturesinheal	0	B	1
functionalidentificationofisletcelltypesbyelectrophysiologicalfingerprinting	0	B	1
preclinicaldevelopmentofahumanizedanticd47antibodywithanticancertherapeuticpoten	0	B	1
footstiffeningduringthepushoffphaseofhumanwalkingislinkedtoactivemusclecontracti	2	B	1
electronphononcouplinginhybridleadhalideperovskites	0	C	1
spatiallearningdependsonboththeadditionandremovalofnewhippocampalneurons	1	M	1
vectorhostfeedingpreferencesdrivetransmissionofmultihostpathogenswestnilevirusas	1	B	1
ciprofloxacincausespersisterformationbyinducingthetisbtoxininescherichiacoli	0	L	1
individualhumanbrainareascanbeidentifiedfromtheircharacteristicspectralactivatio	1	M	1
highfunctionaldiversityinmycobacteriumtuberculosisdrivenbygeneticdriftandhumande	1	B	1
whyaretheresofewfishinthesea	3	L	0
cellpassageactivityisrequiredforthemalarialparasitetocrosstheliversinusoidalcell	0	B	1
asteeringmechanismforphototaxisinchlamydomonas	2	L	1
directandindirectinfluencesofexecutivefunctionsonmathematicsachievement	3	M	1
soilnutrientsinfluencespatialdistributionsoftropicaltreespecies	1	L	1
whydofirmshavepurposethefirmsroleasacarrierofidentityandreputation	3	S	0
regulationbyshamingdeterrenceeffectsofpublicizingviolationsofworkplacesafetyandh	2	S	1
locomotioncontrolofhybridcockroachrobots	2	G	1
compensatingwagedifferentialsinlabormarketsempiricalchallengesandapplications	2	S	0
epigeneticsandaging	2	B	0
morethanjustiq	3	M	1
nativebiodiversitycollapseintheeasternmediterranean	2	E	1
developmentalanddyadicperspectivesoncommitmentinadultromanticrelationships	3	M	1
humansusesummarystatisticstoperceiveauditorysequences	2	M	1
grapheneoxideelectrochemistrytheelectrochemistryofgrapheneoxidemodifiedelectrode	0	C	1
topicchoicecontributestothelowerrateofnihawardstoafricanamericanblackscientists	3	S	1
antforagingoncomplextrailsroutelearningandtheroleoftrailpheromonesinlasiusniger	2	L	1
endogenousvegfisrequiredforvisualfunctionevidenceforasurvivalroleonmüllercellsan	0	B	1
naturalisticmultiattributechoice	2	M	1
multimaterialmagneticallyassisted3dprintingofcompositematerials	2	G	1
thecolonialoriginsofcomparativedevelopmentanempiricalinvestigationreply	2	S	1
differencesbetweenandwithinindividualsandsubprocessesoffacecognitionimplications	1	M	1
howthewestinventedfertilityrestriction	3	H	1
fineresolutionmappingofpopulationagestructuresforhealthanddevelopmentapplication	2	S	1
adeepeningunderstandingofanimalculturesuggestslessonsforconservation	2	L	0
mechanicalandmorphologicalpropertiesofdifferentmuscletendonunitsinthelowerextrem	2	B	1
gazeandthecontroloffootplacementwhenwalkinginnaturalterrain	2	M	1
measuringracialdiscriminationinbaildecisions	3	S	1
shiftsinmyeloarchitecturecharacteriseadolescentdevelopmentofcorticalgradients	0	M	1
transgenerationaladaptationofarabidopsistostressrequiresdnamethylationandthefunc	0	L	1
efficienthydrogenproductiononmoni4electrocatalystswithfastwaterdissociationkinet	1	C	1
vertebratesonthebrinkasindicatorsofbiologicalannihilationandthesixthmassextincti	3	L	1
reversiblestructuralevolutionofsodiumrichrhombohedralprussianblueforsodiumionbat	0	C	1
ribosomepausingarrestandrescueinbacteriaandeukaryotes	0	L	0
intactconceptualprimingintheabsenceofdeclarativememory	2	M	1
whyhighlyexpressedproteinsevolveslowly	1	L	1
activenematics	0	P	0
seasonalmatchingofhabitatqualityandfitnessinamigratorybird	1	L	1
amathematicalmodeloftumourangiogenesisgrowthregressionandregrowth	0	B	0
gutmucosalmicrobiomeacrossstagesofcolorectalcarcinogenesis	2	B	1
dispersingbiofilmswithengineeredenzymaticbacteriophage	2	L	1
geneticrescueofaninsularpopulationoflargemammals	2	L	1
thetaleofthefinchadaptiveradiationandbehaviouralflexibility	3	L	0
adynamicmodeofmitoticbookmarkingbytranscriptionfactors	0	L	1
whenerrorsdonotmatterweakeningbeliefinintentionalcontrolimpairscognitivereaction	2	M	1
immigrantsproductivityandlabormarkets	3	S	1
inferencesaboutmoralcharactermoderatetheimpactofconsequencesonblameandpraise	3	M	1
removingbatcheffectsinanalysisofexpressionmicroarraydataanevaluationofsixbatchad	0	X	0
thecontributionofthelaterallinetohearinginfish	2	L	0
anopticalneuralchipforimplementingcomplexvaluedneuralnetwork	0	X	1
linkingbiodiversityandecosystemstowardsaunifyingecologicaltheory	1	L	0
facilesynthesisofultrahighsurfaceareahollowcarbonnanospheresforenhancedadsorptio	0	C	1
evidenceofageneral23powerlawofscalingleafnitrogentophosphorusamongmajorplantgrou	1	L	1
thesocialeffectsofanawesomesolareclipse	3	M	1
whentheneedtobelonggoeswrong	3	M	1
complexmultiphaseorganohydrogelswithprogrammablemechanicstowardadaptivesoftmatte	0	C	1
humanlikeexternalfunctionofthefootandfullyuprightgaitconfirmedinthe366millionyea	3	H	1
estatetaxationwithaltruismheterogeneity	1	S	0
whatarethemaindriversofthebitcoinpriceevidencefromwaveletcoherenceanalysis	2	S	1
degradingpermafrostputsarcticinfrastructureatriskbymidcentury	2	E	1
strengtheninginmultiprincipalelementalloyswithlocalchemicalorderrougheneddisloca	0	C	1
internalpigmentcellsrespondtoexternaluvradiationinfrogs	2	L	1
ets1relatedproteinisakeyregulatorofvasculogenesisinzebrafish	0	L	1
electronicandvibrationalpropertiesofcarotenoidsfrominvitrotoinvivo	0	C	0
aflexiblemultiplexedimmunosensorforpointofcareinsituwoundmonitoring	1	G	1
flexibleclapandflingintinyinsectflight	2	L	1
depressioncomorbidanxietydisordersandheartratevariabilityinphysicallyhealthyunme	2	B	1
contractsasreferencepointsexperimentalevidence	1	S	1
vascularremodelingisgovernedbyavegfr3dependentfluidshearstresssetpoint	0	B	1
theconfigurationofnorthernhemisphereicesheetsthroughthequaternary	2	E	1
climatechangeimpactsontheupperindushydrologysourcesshiftsandextremes	2	E	0
vtaneuronscoordinatewiththehippocampalreactivationofspatialexperience	0	M	1
whomultitasksandwhymultitaskingabilityperceivedmultitaskingabilityimpulsivityand	3	M	1
phase1trialofmalariatransmissionblockingvaccinecandidatespfs25andpvs25formulated	1	B	1
uncertaintyepistemicsandactiveinference	0	M	0
thedualfunctionofsocialgaze	2	M	0
sorptiveremovalofphenanthrenefromaqueoussolutionsusingmagneticandnonmagneticrice	0	C	1
nosaturationintheaccumulationofalienspeciesworldwide	2	L	1
propertiesofbiocharderivedfromwoodandhighnutrientbiomasseswiththeaimofagronomica	1	E	1
spikeinterfaceaunifiedframeworkforspikesorting	0	X	0
shorttermmeditationtrainingimprovesattentionandselfregulation	3	M	1
environmentalandsocialinfluencesonemerginginfectiousdiseasespastpresentandfuture	2	B	0
experimentalcharacterizationandcomputationalmodellingoftwodimensionalcellspreadi	0	B	1
dysregulationofmicrornasaftermyocardialinfarctionrevealsaroleofmir29incardiacfib	0	B	1
definingfeasibilityandpilotstudiesinpreparationforrandomisedcontrolledtrialsdeve	1	B	0
comparativegenomicsexplainstheevolutionarysuccessofreefformingcorals	1	L	1
trajectorybaseddifferentialexpressionanalysisforsinglecellsequencingdata	0	X	0
cryptochromesdefineanovelcircadianclockmechanisminmonarchbutterfliesthatmayunder	3	L	1
abriefhistoryofbirdflu	3	B	0
lowearlylifesocialclassleavesabiologicalresiduemanifestedbydecreasedglucocortico	2	B	1
foodwastewithinfoodsupplychainsquantificationandpotentialforchangeto2050	3	E	0
tumorexosomebasednanoparticlesareefficientdrugcarriersforchemotherapy	0	B	1
biasedefficacyestimatesinphaseiiidenguevaccinetrialsduetoheterogeneousexposurean	1	B	1
functionalimagingofdolphinbrainmetabolismandbloodflow	3	L	1
hybridizationecologicalracesandthenatureofspeciesempiricalevidencefortheeaseofsp	1	L	0
inflammationandoxidativestressinvertebratehostparasitesystems	0	L	0
huntingatthehighwaytrafficnoisereducesforagingefficiencyinacousticpredators	3	L	1
p50associatedcox2extragenicrnapaceractivatescox2geneexpressionbyoccludingrepress	0	L	1
independenteegsourcesaredipolar	0	M	1
motoractivationduringthepredictionofnonexecutableactionsininfants	1	M	1
changesinforestlanduseandmanagementinsabahmalaysianborneo19902010withafocusonthe	2	E	1
theroleofoligarchsinrussiancapitalism	3	S	1
takeoffandlandingforcesinjumpingfrogs	2	L	1
economicresearchevolvesfieldsandstyles	2	S	1
developmentalplasticityandtheoriginofspeciesdifferences	1	L	0
aversatileviralsystemforexpressionanddepletionofproteinsinmammaliancells	0	L	0
collectivemoralhazardmaturitymismatchandsystemicbailouts	2	S	0
specializationoftendonmechanicalpropertiesresultsfrominterfasciculardifferences	1	B	1
parasitesandpoliticswhycrossculturalstudiesmustcontrolforrelatednessproximityand	1	S	0
rootsystemarchitectureinsightsfromarabidopsisandcerealcrops	1	L	0
bloodtranscriptomebasedbiomarkersforhumancircadianphase	2	B	1
conservationanddiversityofseedassociatedendophytesinzeaacrossboundariesofevoluti	1	L	1
socialmixingpatternsinruralandurbanareasofsouthernchina	2	B	1
maintenanceofageinhumanneuronsgeneratedbymicrornabasedneuronalconversionoffibrob	0	L	1
fingerprintsareunlikelytoincreasethefrictionofprimatefingerpads	3	L	1
prebioticchemicalsaminoacidandphosphorusinthecomaofcomet67pchuryumovgerasimenko	3	P	1
perineuronalnetsstabilizethegridcellnetwork	0	M	1
aglobalmetaanalysisontheecologicaldriversofforestrestorationsuccess	2	E	0
modellingbiologicalcomplexityaphysicalscientistsperspective	0	X	0
experimentalevolutionwithaninsectmodelrevealsthatmalehomosexualbehaviouroccursdu	3	L	1
carbondioxideandtheuneasyinteractionsoftreesandsavannahgrasses	2	E	0
stableisotopesrevealwinterfeedingindifferenthabitatsinbluefinandseiwhalesmigrati	2	L	1
intestinalpermeabilitygutbacterialdysbiosisandbehavioralmarkersofalcoholdependen	2	B	1
thebacterialspeciesdefinitioninthegenomicera	0	L	0
biodiversityandbiogeographyoftheatmosphere	2	L	0
enhancedhomologydirectedhumangenomeengineeringbycontrolledtimingofcrisprcas9deli	0	L	1
designerexosomesproducedbyimplantedcellsintracerebrallydelivertherapeuticcargofo	1	B	1
memoryenhancementsfromactivecontroloflearningemergeacrossdevelopment	2	M	1
physiologicalandagonisticbehaviouralresponseofprocambarusclarkiitoanacousticstim	1	L	1
commensalbacteriaplayaroleinmatingpreferenceofdrosophilamelanogaster	2	L	1
noncanonicalbindingofbipatpasedomaintoire1andperkisdissociatedbyunfoldedproteinc	0	L	1
beyondr0heterogeneityinsecondaryinfectionsandprobabilisticepidemicforecasting	2	B	0
amicroarraybasedtranscriptomictimecourseofhyperandhypoosmoticstresssignalingeven	0	L	1
ubiquityanddiversityofammoniaoxidizingarchaeainwatercolumnsandsedimentsoftheocea	0	L	1
coreshellnanoscalecoordinationpolymerscombinechemotherapyandphotodynamictherapyt	0	B	1
comparativeestimationofthereproductionnumberforpandemicinfluenzafromdailycasenot	2	B	1
aplasmamembranetemplateformacropinocyticcups	0	L	1
molecularanalysisofthebacterialmicrobiotainthehumanstomach	2	B	1
organiccoresheathnanowireartificialsynapseswithfemtojouleenergyconsumption	0	C	1
onflawtoleranceofnacreatheoreticalstudy	1	C	0
environmentaldnarevealsthatriversareconveyerbeltsofbiodiversityinformation	2	L	1
elevationleadstoaltruisticbehavior	3	M	1
epigenomiclandscapesofretinalrodsandcones	0	L	1
divergenceofspeciesresponsestoclimatechange	2	E	1
multihaemcytochromesinshewanellaoneidensismr1structuresfunctionsandopportunities	0	L	0
stochasticprocessesconstrainthewithinandbetweenhostevolutionofinfluenzavirus	1	L	1
designprinciplesofionselectivenanostructuredmembranesfortheextractionoflithiumio	1	C	0
explosivemorphologicaldiversificationofspinyfinnedteleostfishesintheaftermathoft	2	L	1
addressingabsence	3	S	1
odourcharacterdifferencesforenantiomerscorrelatewithmolecularflexibility	2	C	1
parentaleducationandparentaltimewithchildren	3	S	1
aninvasivespeciesinducesrapidadaptivechangeinanativepredatorcanetoadsandblacksna	3	L	1
micrornasexhibithighfrequencygenomicalterationsinhumancancer	0	B	1
geographicalrangeheattoleranceandinvasionsuccessinaquaticspecies	2	L	1
estimatedhivincidenceintheunitedstates20062009	2	B	1
reportcardstheimpactofprovidingschoolandchildtestscoresoneducationalmarkets	3	S	1
asymmetricreinforcementlearningfacilitateshumaninferenceoftransitiverelations	1	M	1
fromcelldifferentiationtocellcollectivesbacillussubtilisusesdivisionoflabortomig	1	L	1
restoringrationalchoicethechallengeofconsumerfinancialregulation	3	S	0
perspectivesonthebasicreproductiveratio	1	B	0
flowpatternsoflarvalfishundulatoryswimmingintheintermediateflowregime	1	L	1
anovelmechanismofprogrammedcelldeathinbacteriabytoxinantitoxinsystemscorruptspep	0	L	1
telomeresincancerandageing	2	B	0
evolutionarydynamicsdrivesrolespecializationinacommunityofplayers	0	X	0
ifnλpreventsinfluenzavirusspreadfromtheupperairwaystothelungsandlimitsvirustrans	1	B	1
kallikreinkininblockadeinpatientswithcovid19topreventacuterespiratorydistresssyn	2	B	0
weldingof3dprintedcarbonnanotubepolymercompositesbylocallyinducedmicrowaveheatin	1	G	1
tobaccosmokingleadstoextensivegenomewidechangesindnamethylation	2	B	1
howtodealwithparametersforwholecellmodelling	0	X	0
tropicalforestcoverchangeinthe1990sandoptionsforfuturemonitoring	2	E	1
distinctmitochondrialdefectstriggertheintegratedstressresponsedependingonthemeta	0	L	1
identifyingthedisadvantagedofficialpovertyconsumptionpovertyandthenewsupplementa	2	S	0
donewcaledoniancrowssolvephysicalproblemsthroughcausalreasoning	3	L	1
evidenceoftraplineforaginginhoneybees	2	L	1
antslearnfastanddonotforgetassociativeolfactorylearningmemoryandextinctioninform	2	L	1
illegitimacymoderatestheeffectsofpoweronapproach	3	M	1
axonpruninganessentialstepunderlyingthedevelopmentalplasticityofneuronalconnecti	0	M	0
trakem2softwareforneuralcircuitreconstruction	0	X	0
mammalsontheedgeconservationprioritiesbasedonthreatandphylogeny	2	L	1
thedevelopmentofsexdifferencesindigitalformulafrominfancyinthefelslongitudinalst	2	B	1
mapsofrandomwalksoncomplexnetworksrevealcommunitystructure	0	X	0
identificationoferasersforlysinecrotonylatedhistonemarksusingachemicalproteomics	0	L	1
facultativepolyandryprotectsfemalesfromcompromisedmalefertilitycausedbyheatwavec	2	L	1
theproductivitygapbetweeneuropeandtheunitedstatestrendsandcauses	2	S	1
architecturalinstabilityinvertedskewsandmitochondrialphylogenomicsofisopodaoutgr	0	L	1
virtualbodyownershipanditsconsequencesforimplicitracialbiasaredependentonsocialc	3	M	1
countinganimalspecieswithdnabarcodescanadianinsects	2	L	1
historicalecologywithrealnumberspastandpresentextentandbiomassofanimperilledestu	1	E	1
concatenatedanalysisshedslightonearlymetazoanevolutionandfuelsamodernurmetazoonh	0	L	1
timeallocationandtaskjuggling	2	S	0
thelewismodela60yearretrospective	1	S	0
amitoticphosphorylationfeedbacknetworkconnectscdk1plk153bp1andchk2toinactivateth	0	L	1
anopeninvestigationofthereproducibilityofcancerbiologyresearch	2	S	1
detergentbindingexplainsanomaloussdspagemigrationofmembraneproteins	0	L	1
constructingcitiesdeconstructingscalinglaws	2	S	1
atomicstructuresofrespiratorycomplexiii2complexivandsupercomplexiii2ivfromvascul	0	L	1
characterizationofagerelatedvariationincornealbiomechanicalproperties	1	B	1
lipmovementsaffectinfantsaudiovisualspeechperception	2	M	1
viralevolutionandtheemergenceofsarscoronavirus	2	B	0
inhibitoryneurotransmissionplasticityandaginginthemammaliancentralauditorysystem	0	M	0
camouflagedetectionandidentificationofmovingtargets	2	L	1
monitoringcorruptiblepoliticians	3	S	1
theimportanceofaminoacidinteractionsinthecrystallizationofhydroxyapatite	0	C	1
blindedbytheloadattentionawarenessandtheroleofperceptualload	1	M	1
precocialhindlimbsandaltricialforelimbspartitioningontogeneticstrategiesinmallar	1	L	1
the2010challengedataavailabilityinformationneedsandextraterrestrialinsights	1	L	0
lowselfcontrolpromotesthewillingnesstosacrificeincloserelationships	3	M	1
goaldirectedlearningandobsessivecompulsivedisorder	2	M	0
microclimatebufferingandthermaltoleranceacrosselevationsinatropicalbutterfly	2	L	1
onlatinamericanpopulismanditsechoesaroundtheworld	3	S	0
globalfooddemandandthesustainableintensificationofagriculture	3	E	0
theroleofoxygentransportinatherosclerosisandvasculardisease	0	B	0
dispersionofswimmingalgaeinlaminarandturbulentchannelflowsconsequencesforphotobi	0	L	1
circulatingmicrornaspotentialbiomarkersfordruginducedliverinjury	0	B	0
historicalamphibiandeclinesandextinctionsinbrazillinkedtochytridiomycosis	2	L	1
thelevelandnatureofautisticintelligence	3	M	1
latitudinalvariationsinseasonalactivityofinfluenzaandrespiratorysyncytialvirusrs	2	B	0
computationallungmodellinginrespiratorymedicine	0	B	0
fightingmisinformationonsocialmediausingcrowdsourcedjudgmentsofnewssourcequality	3	S	1
bioticandhumanvulnerabilitytoprojectedchangesinoceanbiogeochemistryoverthe21stce	2	E	0
superconductivityinthepbotypestructureαfese	0	P	1
multimodelassessmentofwaterscarcityunderclimatechange	2	E	0
eutrophicationofaquaticecosystemsbistabilityandsoilphosphorus	2	E	0
keystonespeciesandfoodwebs	2	L	0
iphopanintegratedmachinelearningframeworktomaximizehostpredictionformetagenomede	0	X	0
metagenomicchromosomeconformationcapturemeta3cunveilsthediversityofchromosomeorg	0	X	0
conflictchangeshowpeopleviewgod	3	M	1
sleeppreferentiallyenhancesmemoryforemotionalcomponentsofscenes	2	M	1
transcriptspecificityinyeastpremrnasplicingrevealedbymutationsincorespliceosomal	0	L	1
divergencehitchhikingandthespreadofgenomicisolationduringecologicalspeciationwit	0	L	0
geneticbasisofadultmigrationtiminginanadromoussteelheaddiscoveredthroughmultivar	1	L	1
temporalcircuitofmacroscaledynamicbrainactivitysupportshumanconsciousness	2	M	1
themechanicsandcontrolofpitchingmanoeuvresinafreelyflyinghawkmothmanducasexta	2	L	1
effectsofthegutmicrobiotaonhostadiposityaremodulatedbytheshortchainfattyacidbind	2	B	1
theimpactofchildhoodsocialskillsandselfcontroltrainingoneconomicandnoneconomicou	3	S	1
twodistincte3ubiquitinligaseshavecomplementaryfunctionsintheregulationofdeltaand	0	L	1
oceanacidificationslowsretinalfunctioninadamselfishthroughinterferencewithgabaar	2	L	1
argonaute2complexescarryapopulationofcirculatingmicrornasindependentofvesiclesin	0	B	1
vagaltoneandchildrensdelayofgratification	2	M	1
plasmaproteomicbiomarkersignatureofagepredictshealthandlifespan	2	B	1
nucleargenomicsignalsofthemicroturbellarianrootsofplatyhelminthevolutionaryinnov	0	L	1
misclassificationerrorsandtheunderestimationoftheusunemploymentrate	2	S	1
foodsecurityandclimatechangeonthepotentialtoadaptglobalcropproductionbyactivesel	2	E	0
restatoolkitforrestingstatefunctionalmagneticresonanceimagingdataprocessing	0	X	0
vitamindandcovid19evidenceandrecommendationsforsupplementation	2	B	0
theeconomicsofguilds	3	S	1
theprisonersdilemmaandpolymorphisminyeastsucgenes	2	L	1
electronicskinaswirelesshumanmachineinterfacesforroboticvr	1	G	1
modelingtheapproximatenumbersystemtoquantifythecontributionofvisualstimulusfeatu	1	M	1
highredshiftstarformationintheatacamalargemillimetresubmillimetrearrayera	1	P	0
anearlycompleteskullofthesauropoddinosaurdiamantinasaurusmatildaefromtheuppercre	3	H	1
labonachiptechnologiesforproteomicanalysisfromisolatedcells	0	G	1
risinggeographicdisparitiesinusmortality	3	S	1
thioflavintasanamyloiddyefibrilquantificationoptimalconcentrationandeffectonaggr	0	B	0
transsynapticspreadoftaupathologyinvivo	2	B	1
fungaleffectorecp6outcompeteshostimmunereceptorforchitinbindingthroughintrachain	0	L	1
confrontingfalsediscoveriesinsinglecelldifferentialexpression	0	X	0
wearableenergydenseandpowerdensesupercapacitoryarnsenabledbyscalablegraphenemeta	1	G	1
declinetowardsextinctionofmexicosvaquitaporpoisephocoenasinus	3	L	1
multilaboratoryassessmentofreproducibilityqualitativeandquantitativeperformanceo	0	X	0
interactionsbetweenmultiplehelminthsandthegutmicrobiotainwildrodents	1	L	1
thechallengesofuniversalhealthinsuranceindevelopingcountriesexperimentalevidence	3	S	1
themarketfornews	3	S	0
thekinematicsthatyoudonotexpectintegratingpriorinformationandkinematicstounderst	1	M	1
susceptibilitytomisinformationaboutcovid19aroundtheworld	3	S	1
efficientandstableinvertedperovskitesolarcellswithveryhighfillfactorsviaincorpor	1	C	1
theperfectmix	2	M	1
lightcontrolsgrowthanddevelopmentviaaconservedpathwayinthefungalkingdom	1	L	1
invivoguidingnitrogendopedcarbonnanozymefortumorcatalytictherapy	0	B	1
thesarscov2nucleocapsidproteinisdynamicdisorderedandphaseseparateswithrna	0	B	1
breedingforabioticstressesforsustainableagriculture	2	L	0
measuringconditionsandtrendsinecosystemservicesatmultiplescalesthesouthernafrica	1	E	1
turnoveroffibrillarcollageninsoftbiologicaltissuewithapplicationtotheexpansionof	0	B	1
theroleofdeliberatepracticeinexpertperformancerevisitingericssonkrampeteschrömer	3	M	1
sensitiveredproteincalciumindicatorsforimagingneuralactivity	0	X	0
biomimeticnanoflowersbyselfassemblyofnanozymestoinduceintracellularoxidativedama	0	B	1
thelossofspeciesmangroveextinctionriskandgeographicareasofglobalconcern	2	L	1
graphicaltoolsfornetworkmetaanalysisinstata	0	X	0
genomicinsightsthatadvancethespeciesdefinitionforprokaryotes	0	L	1
aversivenessofsoundsinphocidsealspsychophysiologicalfactorslearningprocessesandm	2	L	1
iknownottobuticanthelpit	3	M	1
identificationofalteredmetabolicpathwaysinplasmaandcsfinmildcognitiveimpairmenta	0	B	1
traumaticbraininjury	2	B	0
nalih1auniversalsyntheticlibraryofhumanizednanobodiesprovidinghighlyfunctionalan	0	B	1
transmissiondynamicsofparasiticsealicefromfarmtowildsalmon	2	L	1
marinepelagicecosystemsthewestantarcticpeninsula	2	E	0
distinctbrainnetworksforadaptiveandstabletaskcontrolinhumans	0	M	1
personalitychangespredictearlycareeroutcomesdiscoveryandreplicationin12yearlongi	3	M	1
ctcfandcohesinregulatechromatinloopstabilitywithdistinctdynamics	0	L	1
diminishingcatalystconcentrationinatomtransferradicalpolymerizationwithreducinga	0	C	1
ravenscorvuscoraxdifferentiatebetweenknowledgeableandignorantcompetitors	3	L	1
fromspectralinformationtoanimalcolourvisionexperimentsandconcepts	2	L	0
citationadvantageofopenaccessarticles	2	S	1
reactivecysteinepersulfidesandspolythiolationregulateoxidativestressandredoxsign	0	L	1
anewapproachforusinggenomescanstodetectrecentpositiveselectioninthehumangenome	1	L	1
socialdescentwithterritorylosscausesrapidbehavioralendocrineandtranscriptionalch	2	M	1
lookingwhileunhappy	2	M	1
tcmdatabasetaiwantheworldslargesttraditionalchinesemedicinedatabasefordrugscreen	0	X	0
lostatseageneticoceanographicandmeteorologicalevidenceforstormforceddispersal	2	L	1
vacuolartypeprotonpumpsininsectepithelia	0	L	0
geomagneticimprintingpredictsspatiotemporalvariationinhomingmigrationofpinkandso	2	L	1
acceleratedsearchformaterialswithtargetedpropertiesbyadaptivedesign	0	C	1
whyhasntdemocracyslowedrisinginequality	3	S	0
theemergenceofconsensusaprimer	1	S	0
adistinctlineageofinfluenzaavirusfrombats	2	B	1
motifsinbrainnetworks	0	M	1
cerebralhierarchiespredictiveprocessingprecisionandthepulvinar	0	M	0
theevolutionofcentralbankgovernancearoundtheworld	2	S	1
calciumionsinducecollapseofchargedosidechainsoflipopolysaccharidesfrompseudomona	0	C	1
empiricalsupportforoptimalvirulenceinacastratingparasite	2	L	1
cretaceousoriginandrepeatedtertiarydiversificationoftheredefinedbutterflies	2	L	1
peroxisomallactatedehydrogenaseisgeneratedbytranslationalreadthroughinmammals	0	L	1
trophicnichedivergenceamongcolourmorphsthatexhibitalternativematingtactics	1	L	1
astronglyadhesivehemostatichydrogelfortherepairofarterialandheartbleeds	2	B	1
evolutionofmodernbusinesscyclemodelsaccountingforthegreatrecession	2	S	0
thefoxa2genecontrolsthebirthandspontaneousdegenerationofdopamineneuronsinoldage	1	B	1
mechanismsofstablelipidlossinasocialinsect	1	L	1
periodontitisandcognitivedeclineinalzheimersdisease	2	B	1
theamericanmortgageinhistoricalandinternationalcontext	3	S	0
dailyforagingpatternsinfreelivingbirdsexploringthepredationstarvationtradeoff	2	L	1
theageinglensandcataractamodelofnormalandpathologicalageing	2	B	0
sensitivitytopainexpectationsabayesianmodelofindividualdifferences	2	M	1
povertyproblembehaviorandpromise	3	S	1
microrna155isinducedduringthemacrophageinflammatoryresponse	0	B	1
controllingrollperturbationsinfruitflies	2	L	1
beyondthefragmentationthresholdhypothesisregimeshiftsinbiodiversityacrossfragmen	1	L	0
miniaturization02gandevaluationofattachmenttechniquesoftelemetrytransmitters	2	G	1
unemploymentinsuranceasahousingmarketstabilizer	2	S	1
newtrademodelssameoldgains	1	S	0
quantificationofthepaceofbiologicalaginginhumansthroughabloodtestthedunedinpoamd	2	B	1
kinematicandbehavioralevidenceforadistinctionbetweentrottingandamblinggaitsinthe	2	L	1
ionreleasefromhydroxyapatiteandsubstitutedhydroxyapatitesindifferentimmersionliq	0	C	1
conjointmeasurementofglossandsurfacetexture	1	M	1
characterizationandapplicationofsinglefluorescentnanodiamondsascellularbiomarker	0	C	1
asymmetricinformationandimperfectcompetitioninlendingmarkets	1	S	1
quantumcomputingwithdefects	1	P	0
acousticmonitoringonahumpbackwhalemegapteranovaeangliaefeedinggroundshowscontinu	3	L	1
worththeeefrttheeffortexpenditureforrewardstaskasanobjectivemeasureofmotivationa	2	M	1
socialnetworksensorsforearlydetectionofcontagiousoutbreaks	2	B	1
macrofoulingcommunitiesandthedegradationofplasticbagsintheseaaninsituexperiment	2	E	1
fromempiricalpatternstotheoryaformalmetabolictheoryoflife	1	L	0
towardsascientificconceptoffreewillasabiologicaltraitspontaneousactionsanddecisi	3	M	0
sociallyintelligentrobotsdimensionsofhumanrobotinteraction	2	G	0
dnabarcodinguncoverscrypticdiversityin50ofdeepseaantarcticpolychaetes	1	L	1
topdownfacilitationofvisualrecognition	0	M	0
fractionalquantumhalleffectintheabsenceoflandaulevels	0	P	0
antibioticinducedchangesinthemicrobiotadisruptredoxdynamicsinthegut	2	B	1
anintegratedsystemsbiologyapproachtounderstandingtherulesofkeratinocytecolonyfor	0	L	1
depletionofmurineintestinalmicrobiotaeffectsongutmucosaandepithelialgeneexpressi	0	B	1
epigeneticresponsestoenvironmentalchangeandtheirevolutionaryimplications	1	L	0
differentiationaltersstemcellnucleararchitecturemechanicsandmechanosensitivity	0	L	1
molecularchanneldrivenactuatorwithconsiderationsformultipleconfigurationsandcolo	0	C	1
basalmetabolicrateofbirdsisassociatedwithhabitattemperatureandprecipitationnotpr	1	L	1
nearbyboundariescreateeddiesnearmicroscopicfilterfeeders	1	L	1
sexspecificeffectsofyolktestosteroneonsurvivalbeggingandgrowthofzebrafinches	1	L	1
individualvariationinbehaviouralplasticitydirectandindirecteffectsofboldnessexpl	1	L	1
longterm19902019monitoringofforestcoverchangesinthehumidtropics	2	E	1
theinteractionoftigitwithpvrandpvrl2inhibitshumannkcellcytotoxicity	0	B	1
theidealreportingintervalforanepidemictoobjectivelyinterprettheepidemiologicalti	0	B	0
conceptualpenetrationofvisualprocessing	2	M	1
thedivingbellandthespiderthephysicalgillofargyronetaaquatica	3	L	1
sexdifferenceinpathologyoftheageinggutmediatesthegreaterresponseoffemalelifespan	2	L	1
influencefactorsonthecriticalmicelleconcentrationdeterminationusingpyreneasaprob	0	C	1
dontunderestimatethebenefitsofbeingmisunderstood	3	K	1
sexuallydivergentexpressionofactiveandpassiveconditionedfearresponsesinrats	0	M	1
ultrathinandlightweightorganicsolarcellswithhighflexibility	1	C	1
cyanobacteriaandeukaryoticalgaeusedifferentchemicalvariantsofvitaminb12	1	L	1
symbioticgutmicrobesmodulatehumanmetabolicphenotypes	2	B	0
thetranscriptionalregulatorbzr1mediatestradeoffbetweenplantinnateimmunityandgrow	0	L	1
doseresponseanalysisusingr	0	X	0
effectsofheatstressonmammalianreproduction	2	L	0
thesignificanceofcerebraltoxocariasisamodelsystemforexploringthelinkbetweenbrain	1	B	0
continuousdistributedrepresentationofbiologicalsequencesfordeepproteomicsandgeno	0	X	0
seasonalinfectiousdiseaseepidemiology	2	B	0
thelatentgeneticstructureofimpulsivityanditsrelationtointernalizingpsychopatholo	1	M	1
threedimensionalsimulationforfastforwardflightofacalliopehummingbird	2	L	0
conservationdemandssafegenedrive	2	L	0
strengtheningstatecapacitycivilservicereformandpublicsectorperformanceduringtheg	2	S	1
theoriginofallometricscalinglawsinbiologyfromgenomestoecosystemstowardsaquantita	1	L	0
noninvasivemeasurementofinstantaneousforcesduringaquaticlocomotionacasestudyofth	1	L	1
thetranslationelongationfactoreef1a1couplestranscriptiontotranslationduringheats	0	L	1
tp53copynumberexpansionisassociatedwiththeevolutionofincreasedbodysizeandanenhan	3	L	1
repressionofsmoothenedbypatcheddependentprovitamind3secretion	0	L	1
aproteomicatlasofsenescenceassociatedsecretomesforagingbiomarkerdevelopment	1	B	1
computationaltechniquesforecganalysisandinterpretationinlightoftheircontribution	1	B	0
visualizationofatplevelsinsidesinglelivingcellswithfluorescenceresonanceenergytr	0	L	1
globalpatternsofgeographicrangesizeinbirds	2	L	1
microstructureandmechanicsofhealthyandaneurysmaticabdominalaortasexperimentalana	0	B	1
phylogeneticanalysisof83plastidgenesfurtherresolvestheearlydiversificationofeudi	0	L	1
songbirddynamicsundertheseaacousticinteractionsbetweenhumpbackwhalessuggestsongm	2	L	1
reconstructionoffunctionallynormalandmalignanthumanbreasttissuesinmice	0	B	1
quantumhalleffectinabulkantiferromagneteumnbi2withmagneticallyconfinedtwodimensi	0	P	1
useof16srrnageneforidentificationofabroadrangeofclinicallyrelevantbacterialpatho	0	B	0
inferringprocessesunderlyingbcellrepertoirediversity	0	B	1
usingplacebasedjobspoliciestohelpdistressedcommunities	3	S	1
3dimagingofsox2enhancerclustersinembryonicstemcells	0	L	1
dopositiveinteractionsincreasewithabioticstressatestfromasemiaridsteppe	1	L	1
generalizedreciprocityinrats	3	L	1
femalemiceultrasonicallyinteractwithmalesduringcourtshipdisplays	2	L	1
humandecr1isanandrogenrepressedsurvivalfactorthatregulatespufaoxidationtoprotect	0	B	1
microbebiogeographytrackswatermassesinadynamicoceanicfrontalsystem	1	L	1
fluidmechanicsofnodalflowduetoembryonicprimarycilia	0	L	1
measuringtheimpactsofteachersievaluatingbiasinteachervalueaddedestimates	3	S	1
anequilibriummodelofglobalimbalancesandlowinterestrates	1	S	0
increasedintestinalpermeabilitycorrelateswithsigmoidmucosaalphasynucleinstaining	1	B	1
measuringtherobustnessofnetworkcommunitystructureusingassortativity	0	X	0
aroleformetamemoryincognitiveoffloading	3	M	1
unravellingthestructureofspeciesextinctionriskforpredictiveconservationscience	1	L	0
avoidingorrestrictingdefectorsinpublicgoodsgames	0	S	0
thermalstressandcoralcoverasdriversofcoraldiseaseoutbreaks	2	L	1
functionalconvergenceofneuronsgeneratedinthedevelopingandadulthippocampus	0	M	1
triplecontagionatwofearsepidemicmodel	1	B	0
evidencethatglucoseisthemajortransferredmetaboliteindinoflagellatecnidariansymbi	1	L	1
therelativerolesofvisionandchemosensationinmaterecognitionofdrosophila	1	L	1
akatpchanneldependentpathwaywithinαcellsregulatesglucagonreleasefrombothrodentan	0	B	1
mechanicalandenergeticconsequencesofrollingfootshapeinhumanwalking	2	B	1
mandrillsuseolfactiontosociallyavoidparasitizedconspecifics	3	L	1
globalandtimeresolvedmonitoringofcropphotosynthesiswithchlorophyllfluorescence	2	E	1
motivatingpersonalgrowthbyseekingdiscomfort	3	M	1
lifespanandreproductionindrosophilanewinsightsfromnutritionalgeometry	2	L	1
novelfourierquadraturetransformsandanalyticsignalrepresentationsfornonlinearandn	0	X	0
aspirationbasedcoevolutionoflinkweightpromotescooperationinthespatialprisonersdi	0	X	0
neuralcircuitactivityinfreelybehavingzebrafishdaniorerio	0	M	1
hypertensioninsubsaharanafricacrosssectionalsurveysinfourruralandurbancommunitie	2	B	1
biomechanicalruptureriskassessmentofabdominalaorticaneurysmsbasedonanovelprobabi	0	B	1
deletionofultraconservedelementsyieldsviablemice	2	L	1
vicariousfearlearningdependsonempathicappraisalsandtraitempathy	2	M	1
areideasgettinghardertofind	3	S	1
globalforecastsofurbanexpansionto2030anddirectimpactsonbiodiversityandcarbonpool	2	E	0
repeatedstressexposureresultsinasurvivalreproductiontradeoffindrosophilamelanoga	1	L	1
howlocalarelabormarketsevidencefromaspatialjobsearchmodel	1	S	0
commondnamarkerscanaccountformorethanhalfofthegeneticinfluenceoncognitiveabiliti	2	M	1
languageacquisitionandspeechrhythmpatternsanauditoryneuroscienceperspective	2	K	0
warmingalterscommunitysizestructureandecosystemfunctioning	2	E	1
aphidwingdimorphismslinkingenvironmentalandgeneticcontroloftraitvariation	1	L	0
thepsychologicallivesofthepoor	3	M	0
activationofindividuall1retrotransposoninstancesisrestrictedtocelltypedependentp	0	L	1
adaptivemetalenseswithsimultaneouselectricalcontroloffocallengthastigmatismandsh	0	P	1
constraintsontheearlyuplifthistoryofthetibetanplateau	2	E	0
dynamicsofepigeneticphenomenaintergenerationalandintragenerationalphenotypewasho	0	L	0
covid19islinkedtochangesinthetimespacedimensionofhumanmobility	2	S	1
intrinsicallydisorderedlinkersdeterminetheinterplaybetweenphaseseparationandgela	0	L	1
foragingtheoryupscaledthebehaviouralecologyofherbivoremovement	1	L	0
theorygeneralequilibriumandpoliticaleconomyindevelopmenteconomics	1	S	0
dnamethylationandgeneexpressionchangesderivedfromassistedreproductivetechnologie	2	B	1
biomechanicsmeetstheecologicalnichetheimportanceoftemporaldataresolution	1	L	0
biologicaldesignerselfassemblingpeptidenanofiberscaffoldssignificantlyenhanceost	0	B	1
rosettaremodelageneralizedframeworkforflexiblebackboneproteindesign	0	X	0
terrestrialnitrogencarboncycleinteractionsattheglobalscale	1	E	0
17thcenturyvariolavirusrevealstherecenthistoryofsmallpox	3	H	1
predictingprecolumbiananthropogenicsoilsinamazonia	2	H	1
theroleofgabainhumanmotorlearning	2	M	1
coexpressionofcd39andcd103identifiestumorreactivecd8tcellsinhumansolidtumors	0	B	1
climaticwarmingincreasesvoltinismineuropeanbutterfliesandmoths	2	L	1
ferritinophagyviancoa4isrequiredforerythropoiesisandisregulatedbyirondependenthe	0	L	1
causalassociationsbetweenriskfactorsandcommondiseasesinferredfromgwassummarydata	1	B	0
mitochondrialtransferbetweencellscanrescueaerobicrespiration	2	L	1
acquiringinformationthroughpeers	1	S	0
proteinthiolmodificationsvisualizedinvivo	0	L	1
rosettascriptsascriptinglanguageinterfacetotherosettamacromolecularmodelingsuite	0	X	0
acomparativeanalysisofsyntheticgeneticoscillators	0	L	0
barnaclecementapolymerizationmodelbasedonevolutionaryconcepts	2	L	0
theimpactoftemperaturechangesonvectorbornediseasetransmissionculicoidesmidgesand	2	B	0
transcriptionalandepigenomiclandscapesofcnsandnoncnsvascularendothelialcells	0	B	1
thefbw7tumorsuppressorregulatesglycogensynthasekinase3phosphorylationdependentcm	0	B	1
biogeographyofsoilbacteriaandarchaeaacrossfrance	1	L	1
myshakeasmartphoneseismicnetworkforearthquakeearlywarningandbeyond	3	E	1
riskofbiasinreportsofinvivoresearchafocusforimprovement	2	S	1
thefascinatingandsecretwildlifeofthebuddingyeastscerevisiae	2	L	0
themulticopygeneslyrepressesthesexchromosomesinthemalemousegermlineaftermeiosis	0	L	1
thehippocampusandentorhinalcortexencodethepathandeuclideandistancestogoalsduring	2	M	1
simultaneoustrimodalsinglecellmeasurementoftranscriptsepitopesandchromatinaccess	0	X	0
geareduptostretchpennatemusclebehaviorduringactivelengthening	1	B	1
lysosomeactivityismodulatedbymultiplelongevitypathwaysandisimportantforlifespane	2	L	1
themagneticcompassofdomesticchickensgallusgallus	3	L	1
applicationsofmachinelearninginanimalbehaviourstudies	2	L	0
thefeedingdynamicsofbroilerchickens	2	L	1
thecontributionsofanklekneeandhipjointworktoindividuallegworkchangeduringuphilla	2	B	1
thesmallworldofpsychopathology	3	M	1
programmingacrystallineshapememorypolymernetworkwiththermoandphotoreversiblebond	1	G	1
neuropeptidergicintegrationofbehaviorintrichoplaxadhaerensananimalwithoutsynapse	3	L	1
transcriptionfactormitfandremodellerbrg1definechromatinorganisationatregulatorye	0	B	1
consequencebasedapproachavoidancetraininganewandimprovedmethodforchangingbehavio	2	M	1
symbiosisinducedadaptationtooxidativestress	1	L	1
nonparametricinstrumentalvariablesestimation	0	S	0
estimatesofthesizeandsourceofpricedeclinesduetonearbyforeclosures	2	S	1
mushroombodyoutputneuronsencodevalenceandguidememorybasedactionselectionindrosop	0	M	1
meditationexperienceisassociatedwithdifferencesindefaultmodenetworkactivityandco	2	M	1
compensatoryconscientiousnessandhealthinoldercouples	2	M	1
eliminatinginterfacialoinvolvingdegradationinlirichmnbasedcathodesforallsolidsta	0	C	1
taggingandtargetingofenergyefficiencysubsidies	2	S	0
neuropeptideyinnormaleatingandingeneticanddietaryinducedobesity	2	B	0
invitromicrovesselsforthestudyofangiogenesisandthrombosis	0	B	1
nonsmallcelllungcancercellsexpressingcd44areenrichedforstemcelllikeproperties	0	B	1
comparativetherapeuticefficacyofremdesivirandcombinationlopinavirritonavirandint	2	B	1
abioticnichepartitioningandnegativedensitydependencedrivetreeseedlingsurvivalina	1	L	1
orthographicdepthanditsimpactonuniversalpredictorsofreading	2	K	1
implicitactionencodinginfluencespersonaltraitjudgments	1	M	1
thescalingofleafareaandmassthecostoflightinterceptionincreaseswithleafsize	1	L	1
corticalhierarchiesperformbayesiancausalinferenceinmultisensoryperception	0	M	1
developmentalreversalsinriskydecisionmaking	2	M	1
optimizingtherouteforproductionofactivatedcarbonfromcasuarinaequisetifoliafruitw	0	C	1
interspecificscalingofthemorphologyandpostureofthelimbsduringthelocomotionofcats	2	L	1
lifeinfluctuatingenvironments	1	L	0
selectionofchromosomaldnalibrariesusingamultiplexcrisprsystem	0	L	1
paranoiaandbeliefupdatingduringthecovid19crisis	3	M	1
accumulationofdriverandpassengermutationsduringtumorprogression	0	B	1
ecosystemconsequencesofbirddeclines	2	L	0
pathwaysofcarbonassimilationandammoniaoxidationsuggestedbyenvironmentalgenomican	0	L	1
acoustofluidiccentrifugefornanoparticleenrichmentandseparation	0	G	1
theeffectofsubstrateontheefficacyofseismiccourtshipsignaltransmissioninthejumpin	2	L	1
ldopaisanendogenousligandforoa1	0	B	1
acongruentsolutiontoarthropodphylogenyphylogenomicsmicrornasandmorphologysupport	0	L	1
bodyspecificrepresentationsofactionverbs	2	M	1
applicationofsulfurandnitrogendopedcarbonquantumdotsassensitivefluorescentnanose	0	C	1
spermcompetitionandtheevolutionofmalereproductiveanatomyinrodents	2	L	1
howlongerworkliveseasethecrunchofpopulationaging	3	S	0
selectivelydistracteddividedattentionandmemoryforimportantinformation	3	M	1
individualexperienceandevolutionaryhistoryofpredationaffectexpressionofheritable	1	L	1
anintegratedgeneregulatorynetworkcontrolsstemcellproliferationinteeth	0	L	1
aprotocolandcalibrationmethodforaccuratemulticamerafieldvideography	0	X	0
novelrolesofforminmdia2inlamellipodiaandfilopodiaformationinmotilecells	0	L	1
socialsignalsandalgorithmictradingofbitcoin	2	S	1
abhd17proteinsarenovelproteindepalmitoylasesthatregulatenraspalmitateturnoverand	0	L	1
consolidationaltersmotorsequencespecificdistributedrepresentations	0	M	1
transversedepthdependentchangesincornealcollagenlamellarorientationanddistributi	0	B	1
rfidtrackingofsublethaleffectsoftwoneonicotinoidinsecticidesontheforagingbehavio	2	L	1
anewtwofingereddinosaurshedslightontheradiationofoviraptorosauria	3	H	1
gutmicrobiotaaffectsdevelopmentandolfactorybehaviorindrosophilamelanogaster	2	L	1
modernhumansdidnotadmixwithneanderthalsduringtheirrangeexpansionintoeurope	3	L	1
greenersynthesisofchemicalcompoundsandmaterials	1	C	0
persuasiontheartofchangingworldviews	3	M	0
thewaronpovertysexperimentinpublicmedicinecommunityhealthcentersandthemortalityo	3	S	1
falsememoriesforfakenewsduringirelandsabortionreferendum	3	M	1
humancerebralorganoidsrecapitulategeneexpressionprogramsoffetalneocortexdevelopm	1	L	1
modelsofcollectivecellbehaviourwithcrowdingeffectscomparinglatticebasedandlattic	0	X	0
seasonalvariationinmetabolicrateflightactivityandbodysizeofanophelesgambiaeinthe	2	L	1
earliestfilterfeedingpterosaurfromthejurassicofchinaandecologicalevolutionofpter	3	H	1
similaritiesanddifferencesinconceptsofmentallifeamongadultsandchildreninfivecult	3	M	1
batecholocationcallsadaptationandconvergentevolution	2	L	0
prevalenceofposttraumaticsymptomatologyandanxietyamongresidentialnursingandcareh	2	M	1
compositiondiversityandoriginofthebacterialcommunityingrasscarpintestine	0	L	1
whywasthearabworldpoisedforrevolutionschoolingeconomicopportunitiesandthearabspr	3	S	1
loweffectivepopulationsizeandevidenceforinbreedinginanoverexploitedflatfishplaic	1	L	1
thetimecourseoforthographicandphonologicalcodeactivation	1	K	1
stickythoughts	2	M	1
canapresentdaythermalnichebepreservedinawarmingclimatebyashiftinphenologyacasest	2	L	1
theinterfacebetweenspokenandwrittenlanguagedevelopmentaldisorders	2	K	0
bioresorbableopticalsensorsystemsformonitoringofintracranialpressureandtemperatu	1	B	1
overcomingmutationbasedresistancetoantiandrogenswithrationaldrugdesign	0	B	1
novelvocalrepertoireandpairedswimbladdersofthethreespinedtoadfishbatrachomoeustr	2	L	1
dwellingquietlyintherichclubbrainnetworkdeterminantsofslowcorticalfluctuations	0	M	1
bipbindingtotheerstresssensorire1tunesthehomeostaticbehavioroftheunfoldedprotein	0	L	1
negativeeffectsofpesticidesonwildbeecommunitiescanbebufferedbylandscapecontext	2	L	1
theimportanceofaccuratemusclemodellingforbiomechanicalanalysesacasestudywithaliz	1	L	1
negativemarginaltaxratesandheterogeneity	1	S	0
thecostsofcarnivory	2	L	0
bodysaccadesofdrosophilaconsistofstereotypedbankedturns	2	L	1
concentrationsandsizedistributionsofairborneinfluenzaavirusesmeasuredindoorsatah	2	B	1
phylotranscriptomicanalysisoftheoriginandearlydiversificationoflandplants	0	L	1
gravelbedriverfloodplainsaretheecologicalnexusofglaciatedmountainlandscapes	2	E	0
thepeerreviewersopennessinitiativeincentivizingopenresearchpracticesthroughpeerr	2	S	0
proximitylabelingofproteincomplexesandcelltypespecificorganellarproteomesinarabi	0	L	1
datasharingbyscientistspracticesandperceptions	2	S	1
femalereproductivelifespanisextendedbytargetedremovaloffibroticcollagenfromthemo	2	B	1
anewpopulationcurveforprehistoricaustralia	2	H	1
dephosphorylationbycalcineurinregulatestranslocationofdrp1tomitochondria	0	L	1
lastingfalsebeliefsandtheirbehavioralconsequences	3	M	1
antibioticresistanceineuropeanwastewatertreatmentplantsmirrorsthepatternofclinic	2	B	1
wearableplasmonicpaperbasedmicrofluidicsforcontinuoussweatanalysis	1	G	1
fastcomputationandapplicationsofgenomemappability	0	X	0
relationshipbetweenaviangrowthrateandimmuneresponsedependsonfoodavailability	1	L	1
whatisthemechanismforpersistentcoexistenceofdrugsusceptibleanddrugresistantstrai	2	B	0
micrornabiogenesisisrequiredformouseprimordialgermcelldevelopmentandspermatogene	0	L	1
revisedtaxonomyofeasternnorthpacifickillerwhalesorcinusorcabiggsandresidentecoty	3	L	1
statecapacityandeconomicdevelopmentanetworkapproach	1	S	1
causalinferenceaboutgoodandbadoutcomes	2	M	1
comparisonof10murinemodelsrevealsadistinctbiomechanicalphenotypeinthoracicaortic	0	B	1
divalenteuropiumdopednearinfraredemittingphosphorforlightemittingdiodes	0	C	1
multimodalsignalsenhancedecisionmakinginforagingbumblebees	2	L	1
tworoundsofwholegenomeduplicationintheancestralvertebrate	1	L	1
highresolutiontomographicimagingofahumancerebellumcomparisonofabsorptionandgrati	0	B	1
demographicstructureandpathogendynamicsonthenetworkoflivestockmovementsingreatbr	2	B	1
phylogenetichistoryunderlieselevationalbiodiversitypatternsintropicalsalamanders	1	L	1
whydowinnerskeepwinningandrogenmediationofwinnerbutnotlosereffectsincichlidfish	2	L	1
brainmapsgreatandsmalllessonsfromcomparativestudiesofprimatevisualcorticalorgani	0	M	0
placebaseddriversofmortalityevidencefrommigration	2	S	1
functionalspecializationwithintheinferiorparietallobesacrosscognitivedomains	0	M	1
genomewidegenebasedanalysesofweightlossinterventionsidentifyapotentialrolefornkx	2	B	1
temporallimitsofselectionandmemoryencoding	1	M	1
microstructuralandfunctionalgradientsareincreasinglydissociatedintransmodalcorti	0	M	1
aphidwaterysalivacounteractssievetubeocclusionauniversalphenomenon	1	L	1
spatialheterogeneityoftheshorebirdgastrointestinalmicrobiome	1	L	1
multimodalsensoryintegrationinsinglecerebellargranulecellsinvivo	0	M	1
beyondsocietytheevolutionoforganismality	1	L	0
executivefunctionspredictthesuccessoftopsoccerplayers	3	M	1
fundamentallimitationsofnetworkreconstructionfromtemporaldata	0	X	0
thelegacyofculturallandscapesinthebrazilianamazonimplicationsforbiodiversity	2	H	0
urbanizationinthedevelopingworldtooearlyortooslow	3	S	1
genegainandlossduringevolutionofobligateparasitisminthewhiterustpathogenofarabid	0	L	1
prevalenceandcharacteristicsofprobablemajordepressionandbipolardisorderwithinukb	2	B	1
spinylobstersuseurineborneolfactorysignalingandphysicalaggressivebehaviorstoinfl	2	L	1
hasconsumptioninequalitymirroredincomeinequality	3	S	1
effectsofchondrogenicandosteogenicregulatoryfactorsoncompositeconstructsgrownusi	0	B	1
periconceptionalmaternalfolicaciduseof400µgperdayisrelatedtoincreasedmethylation	2	B	1
terahertzdrivenlinearelectronacceleration	0	P	1
climaticandculturalchangesinthewestcongobasinforestsoverthepast5000years	2	H	1
molecularphylogeneticcharacterizationofmicrobialcommunityimbalancesinhumaninflam	2	B	1
reciprocityoutperformsconformitytopromotecooperation	2	M	1
theroleofpopulationheterogeneityandhumanmobilityinthespreadofpandemicinfluenza	2	B	0
newinsightsintoicegrowthandmeltingmodificationsbyantifreezeproteins	2	L	0
rapidevolutionofenormousmultichromosomalgenomesinfloweringplantmitochondriawithe	1	L	1
compoundfacialexpressionsofemotion	3	M	1
choicehistorybiasessubsequentevidenceaccumulation	1	M	1
leadiodideperovskitelightemittingfieldeffecttransistor	0	C	1
characteristicscausesandevolutionaryconsequencesofmalebiasedmutation	1	L	0
placeboswithoutdeceptionarandomizedcontrolledtrialinirritablebowelsyndrome	3	B	1
climatechangereducesreproductivesuccessofanarcticherbivorethroughtrophicmismatch	2	L	1
capacityforvisualfeaturesinmentalrotation	1	M	1
intraspecificcompetitiondrivesincreasedresourceusediversitywithinanaturalpopulat	1	L	1
fivemontholdinfantshavegeneralknowledgeofhownonsolidsubstancesbehaveandinteract	2	M	1
sadnessshiftstoanxietyovertimeanddistancefromthenationaltragedyinnewtownconnecti	3	M	1
reductioninmobilityandcovid19transmission	3	B	1
adroughtresistancepromotingmicrobiomeisselectedbyrootsystemunderdesertfarming	2	L	1
failuresincontingentreasoningtheroleofuncertainty	1	S	1
mechanicalcharacteristicsofbetasheetformingpeptidehydrogelsaredependentonpeptide	0	C	1
theevolutionofsexisfavouredduringadaptationtonewenvironments	2	L	1
aselectivegutbacterialbilesalthydrolasealtershostmetabolism	2	B	1
carryonwinningthegamblersfallacycreateshothandeffectsinonlinegambling	3	M	1
metaboliccomplementarityandgenomicsofthedualbacterialsymbiosisofsharpshooters	1	L	1
institutionalcorruptionandelectionfraudevidencefromafieldexperimentinafghanistan	3	S	1
evidencefordnamediatednuclearcompartmentalizationdistinctfromphaseseparation	0	L	1
socialisolationlonelinessandallcausemortalityinoldermenandwomen	3	B	1
rosresponsivechitosanss31prodrugforakitherapyviarapiddistributioninthekidneyandl	0	B	1
effectsofresveratrolandsirt1onpgc1αactivityandmitochondrialbiogenesisareevaluati	2	B	1
exploringstrategiesforclassificationofexternalstimuliusingstatisticalfeaturesoft	1	L	1
usingmachinelearningtogeneratenovelhypothesesincreasingoptimismaboutcovid19makes	2	M	1
findingtherightthermallimitaframeworktoreconcileecologicalphysiologicalandmethod	1	L	0
reprogrammingdnamethylationinthemammalianlifecyclebuildingandbreakingepigeneticb	0	L	0
evolvingthelocktofitthekeytocreateafamilyofgproteincoupledreceptorspotentlyactiv	0	B	1
ultrahighmobilitygraphenedevicesfromchemicalvapordepositiononreusablecopper	0	C	1
decodingvisuallocationfromneuralpatternsintheauditorycortexofthecongenitallydeaf	2	M	1
theneuralbasisofdifficultiesdisengagingfromnegativeirrelevantmaterialinmajordepr	2	M	1
multifunctionalfootuseduringrunninginthezebratailedlizardcallisaurusdraconoides	2	L	1
learningprogressmediatesthelinkbetweencognitiveeffortandtaskengagement	2	M	1
landuseandclimatechangerisksintheamazonandtheneedofanovelsustainabledevelopmentp	2	E	0
theoptimaltimingofunemploymentbenefitstheoryandevidencefromsweden	2	S	1
differencesinstressreactivitybetweenzebrafishwithalternativestresscopingstyles	1	L	1
useofits2regionastheuniversaldnabarcodeforplantsandanimals	0	X	0
lowdoseorganochlorinepesticidesandpolychlorinatedbiphenylspredictobesitydyslipid	2	B	1
globalrestorationopportunitiesintropicalrainforestlandscapes	2	E	1
addictionbeyonddopaminerewardcircuitry	2	M	0
ontheconversationalpersuasivenessofgpt4	3	X	1
biodiversityinformaticsmanagingandapplyingprimarybiodiversitydata	1	X	0
whatdoweknowaboutthefossilrecordofpinnipedsahistoriographicalinvestigation	2	H	0
therelationshipbetweenwingbeatkinematicsandvortexwakeofathrushnightingale	2	L	1
responsesofchimpanzeestocuesofconspecificobservation	3	L	1
gutmicrobiotaassociationswithcommondiseasesandprescriptionmedicationsinapopulati	2	B	1
rapidgrowthoftheuswildlandurbaninterfaceraiseswildfirerisk	3	E	1
polygenicadaptationonheightisoverestimatedduetouncorrectedstratificationingenome	1	L	1
thedeterminantsandwelfareimplicationsofusworkersdiverginglocationchoicesbyskill1	2	S	1
resetpriceinflationandtheimpactofmonetarypolicyshocks	1	S	0
thetaxingdeedofglobalization	1	S	1
hybridizationasafacilitatorofspeciesrangeexpansion	2	L	0
estimationoffishbiomassusingenvironmentaldna	1	L	1
whataspectsofautismpredisposetotalent	3	M	0
femaleintrasexualcompetitiondecreasesfemalefacialattractiveness	3	M	1
sandcastlesbeforethetideaffordablehousinginexpensivecities	3	S	0
pseudocapacitanceofmxenenanosheetsforhighpowersodiumionhybridcapacitors	0	C	1
corticalchatneuronscotransmitacetylcholineandgabainatargetandbrainregionspecific	0	B	1
behaviouralinferencefromsignalprocessingusinganimalbornemultisensorloggersanovel	2	L	1
crosstalkbetweenakkermansiamuciniphilaandintestinalepitheliumcontrolsdietinduced	2	B	1
anewfamilyofstartdomainproteinsatmembranecontactsiteshasaroleinerpmsteroltranspo	0	B	1
astrocytesmediateinvivocholinergicinducedsynapticplasticity	1	B	1
theeconomicoriginsofgovernment	3	S	1
povertytrapformedbytheecologyofinfectiousdiseases	2	S	0
acryptochrome2mutationyieldsadvancedsleepphaseinhumans	2	B	1
nichepartitioningandtheroleofintraspecificnichevariationinstructuringaguildofgen	1	L	1
challengesofbiofilmcontrolandutilizationlessonsfrommathematicalmodelling	1	L	0
thecompetitiveimpactofverticalintegrationbymultiproductfirms	1	S	1
towardsaquantitativeunderstandingofthewithinhostdynamicsofinfluenzaainfections	1	B	0
statisticallycontrollingforconfoundingconstructsisharderthanyouthink	1	X	0
retrospectivestheintroductionofthecobbdouglasregression	2	S	0
abirdlikeskullinatriassicdiapsidreptileincreasesheterogeneityofthemorphologicala	2	L	1
singlecellrnaseqrevealsectopicandaberrantlungresidentcellpopulationsinidiopathic	0	B	1
embryonicdiapausehighlightedbydifferentialexpressionofmrnasforecdysteroidogenesi	0	L	1
amiocenehyperdiversecrocodyliancommunityrevealspeculiartrophicdynamicsinprotoama	2	L	1
biomechanicsofthecardiovascularsystemtheaortaasanillustratoryexample	1	B	0
nonlineartimeseriesapproachesincharacterizingmoodstabilityandmoodinstabilityinbi	1	M	1
scaledependentinteractionsbetweentreecanopycoverandimpervioussurfacesreducedayti	3	E	1
alphaandgammaoscillationscharacterizefeedbackandfeedforwardprocessinginmonkeyvis	0	B	1
fromprinciplestopracticeaspatialapproachtosystematicconservationplanninginthedee	2	E	0
geographyandmacroeconomicsnewdataandnewfindings	2	S	1
sourcesinkdynamicsshapetheevolutionofantibioticresistanceanditspleiotropicfitnes	2	B	0
complexnetworksandsimplemodelsinbiology	1	L	0
outstandingradiationresistanceoftungstenbasedhighentropyalloys	0	C	1
metalorganicframeworkswithphotocatalyticbactericidalactivityforintegratedairclea	0	C	1
thehierarchicalstructureandmechanicsofplantmaterials	1	C	0
mappingtheglobaldistributionoflivestock	2	L	1
experimentalcoolingduringincubationleadstoreducedinnateimmunityandbodyconditioni	2	L	1
nterminalacetylationinhibitsproteintargetingtotheendoplasmicreticulum	0	B	1
fromgenestoecosystemsasynthesisoftheeffectsofplantgeneticfactorsacrosslevelsofor	1	L	0
largescalereplicationstudyrevealsalimitonprobabilisticpredictioninlanguagecompre	2	K	1
improvingbigcitizensciencedatamovingbeyondhaphazardsampling	2	X	0
activistfiscalpolicy	3	S	0
functionallydiversehumantcellsrecognizenonmicrobialantigenspresentedbymr1	0	B	1
doesthewhytellusthewhen	2	M	1
modellingtheecologicalnichefromfunctionaltraits	1	L	0
microbialcommunitydynamicsintheforefieldofglaciers	2	L	0
controllingfreeflightofaroboticflyusinganonboardvisionsensorinspiredbyinsectocel	2	G	1
cellintrinsicalterationsunderliehematopoieticstemcellaging	0	B	1
temporalpredictivecodesforspokenwordsinauditorycortex	1	M	1
localmechanicalpropertiesoftheheadarticulationcuticleinthebeetlepachnodamarginat	0	L	1
proteomewideanalysisofchaperonemediatedautophagytargetingmotifs	0	B	1
parallelevolutionofangiospermcoloursignalscommonevolutionarypressureslinkedtohym	2	L	1
shiftingpatternsmalariadynamicsandrainfallvariabilityinanafricanhighland	2	B	1
assessingtheuseofmobilephonedatatodescriberecurrentmobilitypatternsinspatialepid	2	B	0
placingmicroalgaeonthebiofuelsprioritylistareviewofthetechnologicalchallenges	2	E	0
softroboticorigamicrawler	2	G	1
happyhamstersenrichmentinducespositivejudgementbiasformildlybutnottrulyambiguous	3	M	1
reddiffuselightsuppressestheacceleratedperceptionoffear	2	M	1
abayesianexperimentalautonomousresearcherformechanicaldesign	1	X	0
linkpredictioninmultiplexonlinesocialnetworks	2	X	0
therelationshipbetweenbraininjurycriteriaandbrainstrainacrossdifferenttypesofhea	2	B	1
molecularandanatomicalorganizationofthedorsalraphenucleus	0	B	1
biologicalimpactofleadfromhalideperovskitesrevealstheriskofintroducingasafethres	2	E	1
estimatinginfluenzadiseaseburdenfrompopulationbasedsurveillancedataintheunitedst	2	B	1
theevolutionofforagingcapacityandgigantismincetaceans	2	L	1
estimatinggroupeffectsusingaveragesofobservablestocontrolforsortingonunobservabl	1	S	0
dynamicmappingofhumancorticaldevelopmentduringchildhoodthroughearlyadulthood	2	B	1
arosettastonefornaturesbenefitstopeople	2	E	0
highcapacitymillimetrewavecommunicationswithorbitalangularmomentummultiplexing	0	P	1
oligodendroglialmyelinationrequiresastrocytederivedlipids	0	B	1
directionalliquiddynamicsofinterfaceswithsuperwettability	0	C	0
printedcovalentglycanarrayforligandprofilingofdiverseglycanbindingproteins	0	C	0
evaluatingtheinfluenceofnovelchargetransportmaterialsonthephotovoltaicproperties	0	C	0
inducedcellproliferationinputativehaematopoietictissuesoftheseastarasteriasruben	0	L	1
astudyoflasersurfacetreatmentinbondedrepairofcompositeaircraftstructures	1	G	1
redseaweedasparagopsistaxiformissupplementationreducesentericmethanebyover80perc	3	L	1
whatcanwelearnfromcharterschoollotteries	3	S	1
inferringmusclefunctionalrolesoftheostrichpelviclimbduringwalkingandrunningusing	2	L	1
estimatingthumbindexfingerprecisiongripandmanipulationpotentialinextantandfossil	2	L	1
oceancurrentshelpexplainpopulationgeneticstructure	1	L	1
bigcitybombususingnaturalhistoryandlandusehistorytofindsignificantenvironmentald	2	L	1
temporalcascadeoffrontalmotorandmuscleprocessesunderlyinghumanactionstopping	1	M	1
pancrustaceanphylogenyhexapodsareterrestrialcrustaceansandmaxillopodsarenotmonop	0	L	1
deepethogramamachinelearningpipelineforsupervisedbehaviorclassificationfromrawpi	1	X	0
thepoliticalleftrollswiththegoodandthepoliticalrightconfrontsthebadconnectingphy	3	M	1
climateimpactsofaweakenedatlanticmeridionaloverturningcirculationinawarmingclima	2	E	0
influenceofspringandautumnphenologicaltransitionsonforestecosystemproductivity	1	E	1
assessingrecognitionmemoryusingconfidenceratingsandresponsetimes	1	M	1
stretchableelasticsynaptictransistorsforneurologicallyintegratedsoftengineerings	0	C	1
stochasticmrnasynthesisinmammaliancells	0	B	1
carbonfreeandbinderfreelialalloyanodeenablinganallsolidstatelisbatterywithhighen	0	C	1
ndopedcarbonnanomaterialsaredurablecatalystsforoxygenreductionreactioninacidicfu	0	C	1
creatingunderwatervisionthroughwavywhiskersareviewoftheflowsensingmechanismsandb	2	L	0
microbialdysbiosisisassociatedwithhumanbreastcancer	2	B	1
increasingtherevenuefromlignocellulosicbiomassmaximizingfeedstockutilization	1	E	0
whatistheoptimalvalueofthegratioformyelinatedfibersintheratcnsatheoreticalapproa	0	B	0
thecoordinateregulationofthep53andmtorpathwaysincells	0	B	0
stresssignalingcoregulationofhemoglobinandmalesexdeterminationthroughaterpenoids	0	L	1
extentandecologicalconsequencesofhuntingincentralafricanrainforestsinthetwentyfi	3	L	1
cognitiveoffloadingisvaluebaseddecisionmakingmodellingcognitiveeffortandtheexpec	2	M	0
howdoindividualscopewithstressbehaviouralphysiologicalandneuronaldifferencesbetw	2	L	1
theconservedrnahelicaseythdc2regulatesthetransitionfromproliferationtodifferenti	0	L	1
relationshipbetweensimultaneouslyrecordedspikingactivityandfluorescencesignaling	0	B	1
attentiondeficithyperactivitydisorderischaracterizedbyadelayincorticalmaturation	2	B	1
insensorreservoircomputingforlanguagelearningviatwodimensionalmemristors	0	X	1
flowinducedbyependymalciliadominatesnearwallcerebrospinalfluiddynamicsinthelater	0	B	1
decipheringamphibiandiversitythroughdnabarcodingchancesandchallenges	2	L	0
minimalwithinhostdenguemodelshighlightthespecificrolesoftheimmuneresponseinprima	1	B	0
enhancedvirusfiltrationinhybridmembraneswithmwcntnanocomposite	0	C	1
taxevasionandinequality	3	S	1
storageinvisualworkingmemoryrecruitsacontentindependentpointersystem	1	M	1
illuminatinggillnetstosaveseabirdsandthepotentialformultitaxabycatchmitigation	3	L	1
actinfilamentstargettheoligomericmaturationofthedynamingtpasedrp1tomitochondrial	0	B	1
realtimeselfregulationofemotionnetworksinpatientswithdepression	2	M	1
amathematicalmodelofwoundhealingandsubsequentscarring	1	B	0
misophoniadiagnosticcriteriaforanewpsychiatricdisorder	3	M	1
avianthermoregulationintheheatscalingofheattoleranceandevaporativecoolingcapacit	1	L	1
smallmoleculecognitiveenhancerreversesagerelatedmemorydeclineinmice	2	B	1
increasedincidenceandclinicalpictureofchildhoodnarcolepsyfollowingthe2009h1n1pan	3	B	1
longtermforestsavannahdynamicsinthebolivianamazonimplicationsforconservation	2	E	1
musclecoordinationiskeytothepoweroutputandmechanicalefficiencyoflimbmovements	2	B	1
viraldarkmatterandvirushostinteractionsresolvedfrompubliclyavailablemicrobialgen	1	L	0
thebalticseaasatimemachineforthefuturecoastalocean	2	E	0
dietarychoicebehaviorincaenorhabditiselegans	2	L	1
thecommitmentfunctionofangryfacialexpressions	3	M	1
datadrivendiscoveryofpartialdifferentialequations	0	X	0
aprogramminglanguageforcomposablednacircuits	0	X	0
vascularizedhumancorticalorganoidsvorganoidsmodelcorticaldevelopmentinvivo	1	B	1
numbpreventsacompleteepithelialmesenchymaltransitionbymodulatingnotchsignalling	0	B	1
rapidlyshiftingenvironmentalbaselinesamongfishersofthegulfofcalifornia	3	S	1
theinvisiblegorillastrikesagain	3	M	1
nutritionalphysiologyoflifehistorytradeoffshowfoodproteincarbohydratecontentinfl	1	L	1
amazontippingpointlastchanceforaction	3	E	0
hydrogensulfideisanendogenousstimulatorofangiogenesis	0	B	1
tributetorgboutiliertheeffectofsizeonthephysiologicalandbehaviouralresponsesofos	1	L	1
trendsinsnakebitedeathsinindiafrom2000to2019inanationallyrepresentativemortality	3	B	1
controlofatwodimensionalmovementsignalbyanoninvasivebraincomputerinterfaceinhuma	2	B	1
airwaymicrobiotaandpathogenabundanceinagestratifiedcysticfibrosispatients	2	B	1
iridescenceafunctionalperspective	2	L	0
fermentedbeveragesofpreandprotohistoricchina	3	H	1
bothlipopolysaccharideandlipoteichoicacidspotentlyinduceanomalousfibrinamyloidfo	0	B	1
icenucleatingbacteriacontroltheorderanddynamicsofinterfacialwater	2	L	1
environmentalbarcodinganextgenerationsequencingapproachforbiomonitoringapplicati	1	L	0
thinsinglecrystalperovskitesolarcellstoharvestbelowbandgaplightabsorption	0	C	1
disablingcas9byananticrisprdnamimic	1	L	1
dynamicpressuremapsforwingsandtailsofpigeonsinslowflappingflightandtheirenergeti	2	L	1
soilbacterialnetworksarelessstableunderdroughtthanfungalnetworks	2	L	1
dolargelanguagemodelshavealegaldutytotellthetruth	3	S	0
migrationandexerciseinducedchangestoflightmusclesizeinmigratorybirdsandassociati	1	L	1
improvingthemetabolicfidelityofcancermodelswithaphysiologicalcellculturemedium	1	B	1
distinctcerebralpathwaysforobjectidentityandnumberinhumaninfants	2	M	1
patternsofgeneflowdefinespeciesofthermophilicarchaea	0	L	1
effectsofimmunesupplementationandimmunechallengeonoxidativestatusandphysiologyin	1	L	1
reprioritizationoffeaturesofmultidimensionalobjectsstoredinvisualworkingmemory	1	M	1
spermselectionandcompetitioninpigsmaybemediatedbythedifferentialmotilityactivati	2	L	1
socialpersonalitytraitandfitness	2	L	1
driversofchangeinglobalagriculture	3	E	0
anunexpectedsequenceofeventsmismatchdetectioninthehumanhippocampus	1	B	1
censusingmarineeukaryoticdiversityinthetwentyfirstcentury	2	L	0
pgc1αdeficiencycausesmultisystemenergymetabolicderangementsmuscledysfunctionabno	0	B	1
combinatorialbzipdimersdisplaycomplexdnabindingspecificitylandscapes	0	B	1
acceleratedandnaturalcarbonationofconcretewithhighvolumesofflyashchemicalmineral	1	C	1
hydraulictraitsarecoordinatedwithmaximumplantheightattheglobalscale	1	L	1
timemoneyandmorality	3	M	1
exosomescommunicateprotectivemessagesduringoxidativestresspossibleroleofexosomal	0	B	1
externalizingpsychopathologyandtheerrorrelatednegativity	1	M	1
firstreportofoutbreaksofthefallarmywormspodopterafrugiperdajesmithlepidopteranoc	2	L	1
compassgaitmechanicsaccountfortopwalkingspeedsinducksandhumans	3	L	1
theothertransformationineconometricpracticerobusttoolsforinference	1	X	0
catalystfreehighlyselectivesynthesisofammoniafromnitrogenandwaterbyaplasmaelectr	1	C	1
theincidenceofbacterialendosymbiontsinterrestrialarthropods	1	L	0
rescueofcfairwayepithelialcellfunctioninvitrobyacftrpotentiatorvx770	1	B	1
physiologicalandmetabolicconsequencesofviralinfectionindrosophilamelanogaster	1	L	1
flexibleandconductivemxenefilmsandnanocompositeswithhighcapacitance	0	C	1
soilresourcesandtopographyshapelocaltreecommunitystructureintropicalforests	1	L	1
chemotaxiscantakeplantparasiticnematodestothesourceofachemoattractantviatheshort	1	L	1
spcas9activitypredictionbydeepspcas9adeeplearningbasedmodelwithhighgeneralizatio	0	X	1
rapidpopulationdeclineinredknotsfitnessconsequencesofdecreasedrefuellingratesand	2	L	1
proliferationofamyloidβ42aggregatesoccursthroughasecondarynucleationmechanism	1	B	1
aquacultureglobalstatusandtrends	2	S	0
singlecellrnaseqrevealsthatglioblastomarecapitulatesanormalneurodevelopmentalhie	0	B	1
thebilingualadvantageinchildrensexecutivefunctioningisnotrelatedtolanguagestatus	3	K	0
prevalenceofbloodparasitesineuropeanpasseriformbirds	1	L	1
nonwettingsurfacedrivenhighaspectratiocrystallinegraingrowthforefficienthybridpe	0	C	1
thetelomericproteintrf2bindstheatmkinaseandcaninhibittheatmdependentdnadamageres	0	B	1
protectiveroleofneuronalkatpchannelsinbrainhypoxia	0	B	1
ethicalandlegalconsiderationsinhealthcareaiinnovationandpolicyforsafeandfairuse	3	S	0
railroadsoftherajestimatingtheimpactoftransportationinfrastructure	3	S	1
cognitivecontrolinmediamultitaskers	3	M	1
nanoparticlesthatdonotadheretomucusprovideuniformandlonglastingdrugdeliverytoair	1	B	1
triaxialdynamicaccelerationasaproxyforanimalenergyexpenditureshouldwebesummingva	1	L	1
uncoveringthepowerofpersonalitytoshapeincome	3	M	1
n6methyladenosineofhiv1rnaregulatesviralinfectionandhiv1gagproteinexpression	0	B	1
understandingexplainingandutilizingmedicalartificialintelligence	2	S	1
carbondopedbnnanosheetsformetalfreephotoredoxcatalysis	0	C	1
spatialattentioninteractswithserialorderretrievalfromverbalworkingmemory	1	M	1
oilandgasprojectsinthewesternamazonthreatstowildernessbiodiversityandindigenousp	3	E	1
learningdifferentialequationmodelsfromstochasticagentbasedmodelsimulations	0	X	0
thpdbdatabaseoffdaapprovedpeptideandproteintherapeutics	0	B	0
molecularandfossilevidenceplacetheoriginofcichlidfisheslongaftergondwananrifting	1	L	1
originsofthe2009h1n1influenzapandemicinswineinmexico	2	B	1
softsmartcontactlenseswithintegrationsofwirelesscircuitsglucosesensorsanddisplay	2	G	1
complexcontagionprocessinspreadingofonlineinnovation	2	S	1
climatechangeanddiseaseinplantcommunities	2	L	0
covalentlinkageofthednarepairtemplatetothecrisprcas9nucleaseenhanceshomologydire	1	L	1
bellwethersofchangepopulationmodellingofnorthpacifichumpbackwhalesfrom2002throug	3	L	1
transposableelementsasapotentsourceofdiversecisregulatorysequencesinmammaliangen	0	L	1
disentanglingtheimportanceofecologicalnichesfromstochasticprocessesacrossscales	1	L	0
bodysizetrophicpositionrelationshipsamongfishesofthelowermekongbasin	1	L	1
dispersalasameansofinbreedingavoidanceinawildbirdpopulation	2	L	1
burrowinginmarinemudsbycrackpropagationkinematicsandforces	2	L	1
creactiveproteinalbuminratiopredicts90daymortalityofsepticpatients	2	B	1
singlemoleculebiophysicsattheinterfaceofbiologyphysicsandchemistry	0	C	0
plantcellsrecognizechitinfragmentsfordefensesignalingthroughaplasmamembranerecep	0	L	1
cryoemstructureandpolymorphismofaβamyloidfibrilspurifiedfromalzheimersbraintissu	0	B	1
istigerwoodslossaversepersistentbiasinthefaceofexperiencecompetitionandhighstake	3	M	1
individualbehaviorandgroupmembership	2	M	1
globalincreaseandgeographicconvergenceinantibioticconsumptionbetween2000and2015	2	B	1
theearlysocialenvironmentaffectssocialcompetenceinacooperativebreeder	1	L	1
howwelltargetedaresodataxes	3	S	1
mechanicalmodellingoftoothwear	1	L	1
usingaroboticfishtoinvestigateindividualdifferencesinsocialresponsivenessinthegu	2	L	1
theroleofserotoninintheenhancementoflongtermmemoryresultingfrompredatordetection	1	L	1
chronic2pstedimagingrevealshighturnoverofdendriticspinesinthehippocampusinvivo	0	B	1
integratingclimateadaptationandbiodiversityconservationintheglobalocean	2	E	0
efficientcalculationofcarrierscatteringratesfromfirstprinciples	0	P	0
temporaryprotectionandtechnologyadoptionevidencefromthenapoleonicblockade	2	S	1
insitustructureandcatalyticmechanismofnifeandcofelayereddoublehydroxidesduringox	0	C	1
synchronouscropfailuresandclimateforcedproductionvariability	2	E	1
howcloseisclosethespatialreachofagglomerationeconomies	1	S	1
chronicexposureofhawaiiislandspinnerdolphinsstenellalongirostristohumanactivitie	2	L	1
completegenomesoftwoclinicalstaphylococcusaureusstrainsevidencefortherapidevolut	0	B	1
globalsynthesisofdroughteffectsonmaizeandwheatproduction	2	E	0
pathophysiologicalmechanismsofhighintensityfocusedultrasoundmediatedvascularoccl	0	B	1
systematictranscriptomewideanalysisoflncrnamirnainteractions	0	L	1
challengesinconstructingasurveybasedwellbeingindex	2	S	0
nonlineartemperatureeffectsindicateseveredamagestouscropyieldsunderclimatechange	3	E	1
nmnat1inhibitsaxondegenerationviablockadeofsarm1mediatednaddepletion	0	B	1
ethicalfreeridingwhenhonestpeoplefinddishonestpartners	3	M	1
americajumpstartedworldwariirdandthetakeoffoftheusinnovationsystem	3	S	1
uncertaintyinthetimingoforiginofanimalsandthelimitsofprecisioninmoleculartimesca	1	L	0
coauthorshipnetworksandpatternsofscientificcollaboration	2	X	1
automateddetectionoflamenessinsheepusingmachinelearningapproachesnovelinsightsin	2	L	1
culturemoderatestherelationshipbetweenselfcontrolabilityandfreewillbeliefsinchil	3	M	1
thecytochromep450genesislocustheoriginandevolutionofanimalcytochromep450s	0	L	1
tetrachromacyinabutterflythathaseightvarietiesofspectralreceptors	2	L	1
differentiatingattentionstylesandregulatoryaspectsofselfreportedinteroceptivesen	1	M	1
usingavianfunctionaltraitstoassesstheimpactoflandcoverchangeonecosystemprocesses	1	L	1
camouflagethroughcolourchangemechanismsadaptivevalueandecologicalsignificance	2	L	0
wildboarsassourcesforinfectiousdiseasesinlivestockandhumans	2	B	0
effectsofcompetitivepreycaptureonflightbehaviorandsonarbeampatterninpairedbigbro	2	L	1
dnamethylationinthehumancerebralcortexisdynamicallyregulatedthroughoutthelifespa	0	B	1
globalwarmingischangingthedynamicsofarctichostparasitesystems	2	E	1
unmaskingactivationofthezygoticgenomeusingchromosomaldeletionsinthedrosophilaemb	0	L	1
interoceptionbeyondhomeostasisaffectcognitionandmentalhealth	2	M	0
diseasedynamicsoververydifferenttimescalesfootandmouthdiseaseandscrapieonthenetw	2	B	1
enzymesharingasacauseofmultistationarityinsignallingsystems	0	L	0
conflictsticksandcarrotswarincreasesprosocialpunishmentsandrewards	3	M	1
waterproofelectronicsenabledepidermalmicrofluidicdevicesforsweatcollectionbiomar	2	G	1
methanecontaminationofdrinkingwateraccompanyinggaswelldrillingandhydraulicfractu	3	E	1
spreadingfreeridingsnowsportsrepresentanovelseriousthreatforwildlife	3	E	1
rsegfp2enablesfastresolftnanoscopyoflivingcells	0	B	0
speechencodingbycoupledcorticalthetaandgammaoscillations	1	M	1
spatiallyandfunctionallydistinctsubclassesofbreastcancerassociatedfibroblastsrev	0	B	1
agrandgenderconvergenceitslastchapter	3	S	0
overfishingdrivesoveronethirdofallsharksandraystowardaglobalextinctioncrisis	3	L	1
miningdrivesextensivedeforestationinthebrazilianamazon	3	E	1
coralmicrobiomemanipulationelicitsmetabolicandgeneticrestructuringtomitigateheat	2	L	1
gnotobioticzebrafishrevealevolutionarilyconservedresponsestothegutmicrobiota	1	L	1
fishandchipsfunctionalgenomicsofsocialplasticityinanafricancichlidfish	1	L	1
differentialeffectsofchronichypoxiaandfeedrestrictionontheexpressionofleptinandi	0	L	1
microrna29familyrevertsaberrantmethylationinlungcancerbytargetingdnamethyltransf	0	B	1
hsf1andhsp70constituteatwocomponentfeedbackloopthatregulatestheyeastheatshockres	0	L	1
thecausesofepistasis	1	L	0
yourmoralsdependonlanguage	3	M	1
riskfactorsofpreeclampsiaeclampsiaanditsadverseoutcomesinlowandmiddleincomecount	2	B	1
globaltrendsindietarymicronutrientsuppliesandestimatedprevalenceofinadequateinta	2	B	1
evolutionofcentralpatterngeneratorsandrhythmicbehaviours	1	L	0
probingmechanicalprinciplesoffocalcontactsincellmatrixadhesionwithacoupledstocha	0	B	0
estimatingthesizeofthehumaninteractome	1	B	1
passiveimmunizationreducesbehavioralandneuropathologicaldeficitsinanalphasynucle	1	B	1
alzheimersdiseaseβamyloidpeptidesarereleasedinassociationwithexosomes	1	B	1
collapseofafishpopulationafterexposuretoasyntheticestrogen	3	L	1
cultureevolves	2	K	0
ciliaandhedgehogresponsivenessinthemouse	0	L	1
modelbasedlocaldensitysharpeningofcryoemmaps	0	B	0
achangewoulddoyougoodanexperimentalstudyonhowtoovercomecoordinationfailureinorga	3	S	1
diversityofbifidobacteriawithintheinfantgutmicrobiota	2	B	1
woodyencroachmentover70yearsinsouthafricansavannahsovergrazingglobalchangeorexti	2	E	1
agrowingplasticsmognowestimatedtobeover170trillionplasticparticlesafloatinthewor	3	E	1
twodimensionalantimonenesinglecrystalsgrownbyvanderwaalsepitaxy	0	C	1
acircuitmechanismforthepropagationofwavesofmusclecontractionindrosophila	0	L	1
tgfβusesanovelmodeofreceptoractivationtophosphorylatesmad15andinduceepithelialto	0	B	1
theconsumptioneffectsofthe20072008financialcrisisevidencefromhouseholdsindenmark	3	S	1
comparativestudyofinjurymodelsforstudyingmuscleregenerationinmice	1	B	1
usingthequantitativegeneticthresholdmodelforinferencesbetweenandwithinspecies	0	L	0
environmentallyrelevantstressorsaltermemoryformationinthepondsnaillymnaea	1	L	1
currentperspectivesandthefutureofdomesticationstudies	2	L	0
invivobiteandgripforcesmorphologyandpreykillingbehaviorofnorthamericanaccipiters	2	L	1
cellelongationisregulatedthroughacentralcircuitofinteractingtranscriptionfactors	0	L	1
theimpactofprojectedincreasesinurbanizationonecosystemservices	2	E	0
theeconomiceffectsofclimatechange	3	S	0
rechargeableaqueouszincmanganesedioxidebatterieswithhighenergyandpowerdensities	1	C	1
areriskpreferencesstableacrosscontextsevidencefrominsurancedata	2	S	1
singlesitesonoporationdisruptsactincytoskeletonorganization	0	B	1
rarespeciescontributedisproportionatelytothefunctionalstructureofspeciesassembla	1	L	1
theeconomicsofurbandensity	3	S	0
multicamerarealtimethreedimensionaltrackingofmultipleflyinganimals	2	L	1
towardsaclimatedependentparadigmofammoniaemissionanddeposition	1	E	0
prioritizingmultipleuselandscapesforconservationmethodsforlargemultispeciesplann	1	E	0
bacterialcommunitiesassociatedwiththeleavesandtherootsofarabidopsisthaliana	0	L	1
arabidopsisforgetter1mediatesstressinducedchromatinmemorythroughnucleosomeremode	0	L	1
coastalflooddamageandadaptationcostsunder21stcenturysealevelrise	3	E	0
protein3dstructurecomputedfromevolutionarysequencevariation	0	X	0
theaerodynamicbenefitofwingwinginteractiondependsonstroketrajectoryinflappingins	1	L	1
theprivateandpubliceconomicsofrenewableelectricitygeneration	3	S	0
wetmammalsshakeattunedfrequenciestodry	3	L	1
butterflyprobosciscombiningadrinkingstrawwithananospongefacilitateddiversificati	2	L	1
increaseinmetazoanecosystemengineeringpriortotheediacarancambrianboundaryinthena	1	L	1
geneticmappingofetiologicbraincelltypesforobesity	2	B	1
cohabitingfamilymemberssharemicrobiotawithoneanotherandwiththeirdogs	3	B	1
aestivationsignalingandhypometabolism	1	L	0
declineinskeletalmusclemitochondrialfunctionwithaginginhumans	2	B	1
learningofspatiotemporalpatternsinaspikingneuralnetworkwithresistiveswitchingsyn	0	X	1
pathogenwebsincollapsinghoneybeecolonies	3	L	1
howmetacontrolbiasesandadaptivityimpactperformanceincognitivesearchtasks	1	M	1
musicaltrendsandpredictabilityofsuccessincontemporarysongsinandoutofthetopcharts	3	K	1
allwetordrieduprealdifferencesbetweenaquaticandterrestrialfoodwebs	1	L	0
thedynamicsofemotionsinonlineinteraction	2	M	1
cathodeengineeringwithperylenediimideinterlayerenablingover17efficiencysinglejun	0	C	1
specializedspecialistsandthenarrownichefallacyataleofscalefeedingfishes	2	L	0
a14itemmediterraneandietassessmenttoolandobesityindexesamonghighrisksubjectsthep	2	B	1
compatibilitycountsmhcassociatedmatechoiceinawildpromiscuousprimate	2	L	1
resistanceresilienceandredundancyinmicrobialcommunities	1	L	0
networksmarketsandinequality	2	S	0
moralizinggodsimpartialityandreligiousparochialismacross15societies	3	K	1
predictivegazecuesandpersonalityjudgments	2	M	1
predictingfalselumenthrombosisinpatientspecificmodelsofaorticdissection	0	B	1
enhancedriceblastresistancebycrisprcas9targetedmutagenesisoftheerftranscriptionf	2	L	1
twohappinesspuzzles	3	M	1
neuralactivitywhenpeoplesolveverbalproblemswithinsight	2	M	1
criticalfactorsforassemblingahighvolumeofdnabarcodes	1	L	0
hematopoieticstemandprogenitorcellsregulatetheregenerationoftheirnichebysecretin	0	B	1
paleovirologyofsyncytinsretroviralenvgenesexaptedforaroleinplacentation	2	L	0
thedirectionofwalkingbutnotthrowingorkickingisadaptedbyopticflow	1	M	1
aweylfermionsemimetalwithsurfacefermiarcsinthetransitionmetalmonopnictidetaascla	0	P	1
cumulativehumanimpactsonmediterraneanandblackseamarineecosystemsassessingcurrent	2	E	1
hungerneuronsdrivefeedingthroughasustainedpositivereinforcementsignal	2	B	1
assessingthequalityofmoleculardivergencetimeestimatesbyfossilcalibrationsandfoss	0	L	0
howdoyoulearntowalkthousandsofstepsanddozensoffallsperday	3	M	1
adeletionpolymorphisminthecaenorhabditiselegansrigihomologdisablesviralrnadicing	0	L	1
inkindfinanceatheoryoftradecredit	1	S	0
distinctmacrophagelineagescontributetodisparatepatternsofcardiacrecoveryandremod	0	B	1
neuralentrainmenttospeechmodulatesspeechintelligibility	1	M	1
trustinscientistsandtheirroleinsocietyacross68countries	3	S	1
adraftnetworkofligandreceptormediatedmulticellularsignallinginhuman	0	B	1
adiscretefibredispersionmethodforexcludingfibresundercompressioninthemodellingof	0	B	0
nationalmitigationpotentialfromnaturalclimatesolutionsinthetropics	2	E	1
surfaceenhancedramanscatteringbiomedicalapplicationsofplasmoniccolloidalparticle	0	C	0
cancerspredisposeneutrophilstoreleaseextracellulardnatrapsthatcontributetocancer	1	B	1
insightsintotheoxidativedegradationofcellulosebyacoppermetalloenzymethatexploits	0	C	1
childhoodadversityandepigeneticmodulationoftheleukocyteglucocorticoidreceptorpre	2	B	1
mediatorlesshighpowerglucosebiofuelcellsbasedoncompressedcarbonnanotubeenzymeele	0	C	1
nastyneighboursratherthandearenemiesinasocialcarnivore	2	L	1
statisticalwallshearstressmapsofrupturedandunrupturedmiddlecerebralarteryaneurys	0	B	1
thecompositionanddrawdownofwealthinretirement	3	S	1
scihubprovidesaccesstonearlyallscholarlyliterature	3	S	1
propertiesofthecombinatorialclockauction	1	S	0
amicrobialclockprovidesanaccurateestimateofthepostmortemintervalinamousemodelsys	2	B	1
dynamicpropertiesofnetworkmotifscontributetobiologicalnetworkorganization	0	L	0
avianmagnetitebasedmagnetoreceptionaphysiologistsperspective	2	L	0
humancoronavirusnl63employsthesevereacuterespiratorysyndromecoronavirusreceptorf	2	B	1
twelvemontholdinfantsbenefitfrompriorexperienceinstatisticallearning	2	M	1
longlastingnoveltyinducedneuronalreverberationduringslowwavesleepinmultipleforeb	1	B	1
strainenergybasedrubberfatiguelifepredictionundertheinfluenceoftemperature	0	G	1
giantnegativethermopowerofionichydrogelbysynergisticcoordinationandhydrationinte	0	C	1
fastlivecellconventionalfluorophorenanoscopywithimagejthroughsuperresolutionradi	0	B	0
amethodforderivingdisplacementdataduringcyclicalmovementusinganinertialsensor	1	B	0
theeffectsofarmswingonhumangaitstability	2	B	1
atmosphericoxygenlevelandtheevolutionofinsectbodysize	3	L	0
phosphoinositidemediatedoligomerizationofadefensininducescelllysis	0	B	1
modulationofthemetabiomebyrifaximininpatientswithcirrhosisandminimalhepaticencep	0	B	1
crystallizationinducedemissionenhancementanovelfluorescentauagbimetallicnanoclus	0	C	1
phylogeneticmixturemodelsforproteins	0	X	0
thecomplexhistoryoftheolivetreefromlatequaternarydiversificationofmediterraneanl	3	L	1
continuousagingofthehumandnamethylomethroughoutthehumanlifespan	2	B	1
atpbindingcassettetransportersg1andg4mediatecellularcholesteroleffluxtohighdensi	0	B	1
thepowerofassociativelearningandtheontogenyofoptimalbehaviour	1	L	0
naturalpolymersforthemicroencapsulationofcells	0	C	0
lossoffgfdependentmesodermidentityandriseofendogenousretinoidsignallingdetermine	0	L	1
tworoutestoemotionalmemorydistinctneuralprocessesforvalenceandarousal	2	M	1
psychologicalstrategiesforwinningageopoliticalforecastingtournament	3	M	1
usingluminositydataasaproxyforeconomicstatistics	2	S	1
aconnectomeandanalysisoftheadultdrosophilacentralbrain	1	B	1
theroleofinfrequentandextraordinarydeepdivesinleatherbackturtlesdermochelyscoria	2	L	1
citiesinbadshapeurbangeometryinindia	2	S	1
abriefreviewongroupastreptococcuspathogenesisandvaccinedevelopment	0	B	0
onthepsychologyofcooperationinhumansandotherprimatescombiningthenaturalhistoryan	2	M	0
multipleauxiaaarfmodulesregulatelateralrootformationtheroleofarabidopsisshy2iaa3	0	L	1
expandeddynamicrangeoffluorescentindicatorsforca2bycircularlypermutedyellowfluor	0	B	1
shouldwerejectthenaturalratehypothesis	2	S	0
spacethefinaleconomicfrontier	3	S	0
modellingepidermishomoeostasisandpsoriasispathogenesis	1	B	0
celltypespecificisolationofribosomeassociatedmrnafromcomplextissues	0	L	1
foodprovisioningincreasestheriskofinjuryinalonglivedmarinetoppredator	2	L	1
thecomputationalnatureofmemorymodification	1	M	0
lowqualityfemalespreferlowqualitymaleswhenchoosingamate	2	L	1
theimpactofindividualdepressivesymptomsonimpairmentofpsychosocialfunctioning	2	M	1
metaboliccoldadaptationinfishesoccursatthelevelofwholeanimalmitochondriaandenzym	1	L	1
enhancedperceptioninsavantsyndromepatternsstructureandcreativity	3	M	0
abscisicaciddynamicsinrootsdetectedwithgeneticallyencodedfretsensors	0	L	1
globaldistributionanddriversoflanguageextinctionrisk	3	K	1
treatmentofterminalperitonealcarcinomatosisbyatransduciblep53activatingpeptide	1	B	1
thespreadoflowcredibilitycontentbysocialbots	3	S	1
improvementofmolecularphylogeneticinferenceandthephylogenyofbilateria	0	L	0
structureandformationofanttransportationnetworks	2	L	1
globalchangeparasitetransmissionanddiseasecontrollessonsfromecology	2	L	0
direct4dprintingviaactivecompositematerials	2	G	1
mappingtrendsininsecticideresistancephenotypesinafricanmalariavectors	2	B	1
changesinpretermbirthandstillbirthduringcovid19lockdownsin26countries	3	B	1
implementingandtestingbayesianandmaximumlikelihoodsupertreemethodsinphylogenetic	0	X	0
dnamethylationsignatureslinkprenatalfamineexposuretogrowthandmetabolism	2	B	1
horizontaltransmissionoftheinsectsymbiontrickettsiaisplantmediated	1	L	1
globalfishproductionandclimatechange	3	E	0
takingchancesandmakingmistakesnongeneticphenotypicheterogeneityanditsconsequence	1	L	0
evolutionarypatternsinearlytetrapodsirapidinitialdiversificationfollowedbydecrea	1	L	1
giffenbehaviorandsubsistenceconsumption	3	S	1
ultrahighsensitivityofmethylammoniumleadtribromideperovskitesinglecrystalstoenvi	0	C	1
fulllengthrtn3regulatesturnoveroftubularendoplasmicreticulumviaselectiveautophag	0	B	1
acommonmechanismunderlieschangesofmindaboutdecisionsandconfidence	2	M	1
theroleofcitizenscienceinaddressinggrandchallengesinfoodandagricultureresearch	2	S	0
mathematicalmodelsofenergyhomeostasis	1	B	0
decisionsfromexperienceandtheeffectofrareeventsinriskychoice	2	M	1
phenotypicplasticityandevolutionbygeneticassimilation	1	L	0
dislocationmechanismsand3dtwinarchitecturesgenerateexceptionalstrengthductilityt	0	C	1
globalanalysisoftheyeastlipidomebyquantitativeshotgunmassspectrometry	0	L	1
orbitalprefrontalcortexvolumepredictssocialnetworksizeanimagingstudyofindividual	2	M	1
thepredictivestartofhuntingarcherfishaflexibleandprecisemotorpatternperformedwit	2	L	1
speechrhythmsandmultiplexedoscillatorysensorycodinginthehumanbrain	1	M	1
featurebindingerrorsaftereyemovementsandshiftsofattention	1	M	1
mentaltimetravelandtheshapingofthehumanmind	3	M	0
offlineimpactoftranscranialfocusedultrasoundoncorticalactivationinprimates	1	B	1
overlappinggenerationsthefirstjubilee	1	S	0
identificationofaconservedbacterialproteinsecretionsysteminvibriocholeraeusingth	1	B	1
circulatingmicrornasinseracorrelatewithsolublebiomarkersofimmuneactivationbutdon	1	B	1
nearinfraredphotoactivatablecontrolofca2signalingandoptogeneticimmunomodulation	0	B	1
groupdecisionmakinginfissionfusionsocietiesevidencefromtwofieldexperimentsinbech	2	L	1
arrayofnanosheetsrenderultrafastandhighcapacitynaionstoragebytunablepseudocapaci	0	C	1
assortativesocialitylimiteddispersalinfectiousdiseaseandthegenesisoftheglobalpat	3	K	0
theprecisionoftemporaljudgementmillisecondsmanyminutesandbeyond	1	M	1
livestockproductionrecenttrendsfutureprospects	2	S	0
genomiccorrelatesofclinicaloutcomeinadvancedprostatecancer	2	B	1
asimpleexoskeletonthatassistsplantarflexioncanreducethemetaboliccostofhumanwalki	3	G	1
deficiencyofparkinandpink1impairsagedependentmitophagyindrosophila	1	B	1
glucosesensingneuronsofthehypothalamus	1	B	0
anexcitonpolaritonlaserbasedonbiologicallyproducedfluorescentprotein	0	P	1
compensatorygrowthandoxidativestressinadamselfly	1	L	1
rdinvestmentexportingandproductivitydynamics	1	S	1
oralbiofilmarchitectureonnaturalteeth	2	B	1
flappingwingaerodynamicsfrominsectstovertebrates	2	L	0
geographicrangelimitsofspecies	1	L	0
consumerpricesearchandplatformdesignininternetcommerce	2	S	1
automaticprioritizationofselfreferentialstimuliinworkingmemory	2	M	1
highfrequencyrectificationviachiralblochelectrons	0	P	1
canintangiblecapitalexplaincyclicalmovementsinthelaborwedge	1	S	0
metaresearchevaluationandimprovementofresearchmethodsandpractices	2	X	0
nativelanguagepromotesaccesstovisualconsciousness	3	K	1
discoveryofdrugmodeofactionanddrugrepositioningfromtranscriptionalresponses	1	B	0
rutheniumatomicallydispersedincarbonoutperformsplatinumtowardhydrogenevolutionin	0	C	1
targetingtheendocannabinoidsystemwithcannabinoidreceptoragonistspharmacologicals	2	B	0
parasiteinducedalterationsofsensorimotorpathwaysingammaridscollateraldamageofneu	2	L	0
themaskingofthedeclineinmanufacturingemploymentbythehousingbubble	3	S	1
cananagenticblackwomangetaheadtheimpactofraceandinterpersonaldominanceonpercepti	3	M	1
challengesindynamicmodedecomposition	0	X	0
efficientpurificationofethenebyanethanetrappingmetalorganicframework	0	C	1
topologicallyrobustsoundpropagationinanangularmomentumbiasedgraphenelikeresonato	0	P	1
structureinnervationandresponsepropertiesofintegumentarysensoryorgansincrocodili	2	L	1
lookingbeforeyouleapatheoryofmotivatedcontrolofaction	1	M	0
experiencesamplingduringfmrirevealsdefaultnetworkandexecutivesystemcontributions	2	M	1
howgenerationintervalsshapetherelationshipbetweengrowthratesandreproductivenumbe	2	B	0
biomimeticselfcleaningsurfacessynthesismechanismandapplications	2	C	0
reciprocityandalignmentquantifyingcouplingindynamicinteractions	1	M	0
engineeringsingleatomicrutheniumcatalyticsitesondefectivenickelironlayereddouble	0	C	1
evolutionarygamesandpopulationdynamicsmaintenanceofcooperationinpublicgoodsgames	2	M	0
activeandstablecarbonnanotubenanoparticlecompositeelectrocatalystforoxygenreduct	0	C	1
theexpandinggenderearningsgapevidencefromthelehd2000census	3	S	1
circadianremodelingofneuronalcircuitsinvolvedinrhythmicbehavior	1	B	0
sexdifferencesinrisktakingandassociativelearninginrats	2	M	1
algalevolutioninrelationtoatmosphericco2carboxylasescarbonconcentratingmechanism	0	L	0
evolvedphysiologicalresponsesofphytoplanktontotheirintegratedgrowthenvironment	1	L	0
aneconomistsguidetoepidemiologymodelsofinfectiousdisease	2	S	0
attentionaltersperceivedattractiveness	3	M	1
liquidcrystalsfororganicthinfilmtransistors	0	C	1
usinglighttotellthetimeofdaysensorycodinginthemammaliancircadianvisualnetwork	2	B	0
estimationofincubationperioddistributionofcovid19usingdiseaseonsetforwardtimeano	2	B	1
lifetimemonogamyandtheevolutionofeusociality	2	L	0
cardiacrepairwithintramyocardialinjectionofallogeneicmesenchymalstemcellsaftermy	2	B	1
shortandlongtermpopulationdynamicalconsequencesofasymmetricclimatechangeinblackg	2	L	1
sweettasteandnutrientvaluesubdividerewardingdopaminergicneuronsindrosophila	1	L	1
roleofattentionandperceptualgroupinginvisualstatisticallearning	1	M	1
reconstructingspeechfromhumanauditorycortex	2	B	1
climatewarmingecologicalmismatchatarrivalandpopulationdeclineinmigratorybirds	2	L	1
hightestosteronemenrejectlowultimatumgameoffers	3	M	1
identificationofmarkersthatdistinguishmonocytederivedfibrocytesfrommonocytesmacr	0	B	1
a38vearthabundantsodiumbatteryelectrode	1	C	1
adsorptionandcorrosioninhibitionbehaviourofnewtheophyllinetriazolebasedderivativ	0	C	1
serpentiniteandthedawnoflife	3	E	0
spindependentchargetransportthrough2dchiralhybridleadiodideperovskites	0	P	1
efficiencygainsfromteambasedcoordinationlargescaleexperimentalevidence	2	S	1
αoscillationsinthemonkeysensorimotornetworkinfluencediscriminationperformancebyr	0	B	1
organicfertilizerasavehiclefortheentryofmicroplasticintotheenvironment	2	E	1
peereffectsandalcoholuseamongcollegestudents	3	S	1
knowingishalfthebattle	3	M	1
mesenchymalstemcellderivedmoleculesreversefulminanthepaticfailure	1	B	1
carbondotsfunctionalizedpapersforhighthroughputsensingof4chloroethcathinoneandit	1	C	1
globalpositioningsystemandassociatedtechnologiesinanimalbehaviourandecologicalre	2	L	0
sprintrunninganewenergeticapproach	2	B	1
fightingclimatechangeinternationalattitudestowardclimatepolicies	3	S	1
outnessstigmaandprimaryhealthcareutilizationamongrurallgbtpopulations	3	B	1
chronicstressglucocorticoidreceptorresistanceinflammationanddiseaserisk	2	B	1
theglobalburdenofmentalneurologicalandsubstanceusedisordersananalysisfromtheglob	2	B	1
thepeptidehormonepqdldhvflrfamidecrustaceanmyosuppressinmodulatesthehomarusameri	0	L	1
singlecellexpressionprofilingrevealsdynamicfluxofcardiacstromalvascularandimmune	0	B	1
earliestaccumulationofβamyloidoccurswithinthedefaultmodenetworkandconcurrentlyaf	1	B	1
microbialsynthesisofcoreshellgoldpalladiumnanoparticlesforapplicationsingreenche	0	C	1
risingmorbidityandmortalityinmidlifeamongwhitenonhispanicamericansinthe21stcentu	3	B	1
internationalunions	1	S	0
mappingtheinvisiblehand	3	M	1
runningstabilityisenhancedbyaproximodistalgradientinjointneuromechanicalcontrol	1	L	1
voluntaryattentionenhancescontrastappearance	1	M	1
nonclimaticconstraintsonupperelevationalplantrangeexpansionunderclimatechange	2	L	1
thephysicalbasisforincreasesinprecipitationextremesinsimulationsof21stcenturycli	2	E	0
opticalidentificationofsulfurvacanciesboundexcitonsattheedgesofmonolayertungsten	0	P	1
diversityversusdisparityandtheradiationofmoderncetaceans	2	L	1
understandingpatientsadherencerelatedbeliefsaboutmedicinesprescribedforlongtermc	2	B	0
embodiedartificialagentsforunderstandinghumansocialcognition	2	M	0
the19181919influenzapandemicinenglandandwalesspatialpatternsintransmissibilityan	3	B	1
unprecedented21stcenturydroughtriskintheamericansouthwestandcentralplains	3	E	1
agdopedznonanorodsembeddedreducedgrapheneoxidenanocompositeforphotoelectrochemic	0	C	1
localgabaconcentrationisrelatedtonetworklevelrestingfunctionalconnectivity	0	B	1
rationalattentionandadaptivecodingapuzzleandasolution	1	M	0
theuseofopticaltweezerstostudyspermcompetitionandmotilityinprimates	1	L	1
healthyoutgroupmembersarerepresentedpsychologicallyasinfectedingroupmembers	2	M	1
extremedivinginmammalsfirstestimatesofbehaviouralaerobicdivelimitsincuviersbeake	2	L	1
bioinspiredmechanophotonicartificialsynapsebasedongraphenemos2heterostructure	0	C	1
thetimetableofevolution	2	L	0
individualdifferencesininhibitorycontrolnotnonverbalnumberacuitycorrelatewithmat	2	M	1
identificationofhsp90inhibitorsasanovelclassofsenolytics	2	B	1
rapidstatisticallearningsupportingwordextractionfromcontinuousspeech	1	K	1
clientelisminindianvillages	3	S	1
takingadeeplookmodernmicroscopytechnologiestooptimizethedesignandfunctionalityof	0	B	0
dontpokethebearusingtrackingdatatoquantifybehaviouralsyndromesinelusivewildlife	2	L	1
perfluorocarbonnanoparticlesenhancereactiveoxygenlevelsandtumourgrowthinhibition	0	B	1
reducedneuralsensitivitytosocialstimuliininfantsatriskforautism	2	M	1
timingdecisionsinorganizationscommunicationandauthorityinadynamicenvironment	1	S	0
confidenceriskandassetprices	1	S	0
kneeosteoarthritishasdoubledinprevalencesincethemid20thcentury	3	B	1
supplysideinvasionecologycharacterizingpropagulepressureincoastalecosystems	1	L	1
lenvatinibplusantipd1antibodycombinationtreatmentactivatescd8tcellsthroughreduct	0	B	1
exploringthelikelihoodandmechanismofaclimatechangeinduceddiebackoftheamazonrainf	3	E	0
howdowedescribeotherpeoplefromvoicesandfaces	3	M	0
acutestressenhancesadultrathippocampalneurogenesisandactivationofnewbornneuronsv	0	B	1
anefficientmolybdenumdisulfidecobaltdiselenidehybridcatalystforelectrochemicalhy	0	C	1
malesexidentifiedbyglobalcovid19metaanalysisasariskfactorfordeathandituadmission	2	B	0
characteristicsofbiocharpelletsfromcornstrawunderdifferentpyrolysistemperatures	0	C	1
thevalueofpostsecondarycredentialsinthelabormarketanexperimentalstudy	3	S	1
millimetersizedmarineplasticsanewpelagichabitatformicroorganismsandinvertebrates	2	E	1
sevencenturiesofeuropeaneconomicgrowthanddecline	3	S	1
regionalpopulationcollapsefollowedinitialagricultureboomsinmidholoceneeurope	2	H	1
howdirectedisadirectednetwork	0	X	0
environmentalinfluencesduringdevelopmentandtheirlaterconsequencesforhealthanddis	2	B	0
utilityofr0asapredictorofdiseaseinvasioninstructuredpopulations	1	B	0
metaloxidesemiconductornanomembranebasedsoftunnoticeablemultifunctionalelectroni	0	G	1
howhumanaifeedbackloopsalterhumanperceptualemotionalandsocialjudgements	3	M	1
theperiodlengthoffibroblastcircadiangeneexpressionvarieswidelyamonghumanindividu	2	B	1
trackingthepopularityandoutcomesofallbiorxivpreprints	2	X	1
icebindingproteinsthataccumulateondifferenticecrystalplanesproducedistincttherma	0	L	1
acomparisonofmccandcenerrormeasuresinmulticlassprediction	0	X	0
theairbornelifetimeofsmallspeechdropletsandtheirpotentialimportanceinsarscov2tra	2	B	1
incentivizingbetterqualityofcaretheroleofmedicaidandcompetitioninthenursinghomei	2	S	1
earlyantiretroviraltherapyreducesaidsprogressiondeathinindividualswithacuteoppor	2	B	1
towardsanexecutivewithoutahomunculuscomputationalmodelsoftheprefrontalcortexbasa	0	B	0
frontalsinusesandheadbuttingingoatsafiniteelementanalysis	3	L	1
mixeddimensionalmxenehydrogelheterostructuresforelectronicskinsensorswithultrabr	0	G	1
modernhumanincursionintoneanderthalterritories54000yearsagoatmandrinfrance	3	H	1
globalpatternsofintroductioneffortandestablishmentsuccessinbirds	1	L	1
thesuddenemergenceofpathogenicityininsectfungussymbiosesthreatensnaiveforestecos	2	L	0
nanoscalechemicalimagingbyphotoinducedforcemicroscopy	0	C	0
theglobaldistributionofthearbovirusvectorsaedesaegyptiandaealbopictus	2	B	1
whyaresomepeoplelefthandedanevolutionaryperspective	3	M	0
autoantibodyepitopespreadinginthepreclinicalphasepredictsprogressiontorheumatoid	1	B	1
opticalsecretsharingwithcascadedmetasurfaceholography	0	P	1
howdospeakersresistdistraction	2	M	1
butyrateandpropionateprotectagainstdietinducedobesityandregulateguthormonesviafr	2	B	1
thehomeeconomicsofemoneyvelocitycashmanagementanddiscountratesofmpesausers	3	S	1
inequalityinearlycareexperiencedbyuschildren	3	S	1
thehongkongprinciplesforassessingresearchersfosteringresearchintegrity	2	X	0
bioinspiredengineeringstudyofplantaevasculesforselfhealingcompositestructures	2	G	1
temperaturedependenceofelasticandplasticdeformationbehaviorofarefractoryhighentr	0	C	1
anonferrousferroptosislikestrategyforantioxidantinhibitionsynergizednanocatalyti	0	B	1
institutionsandbehaviorexperimentalevidenceontheeffectsofdemocracy	2	S	1
colornaminglensagingandgrue	2	K	1
chronicallyimplantedneuropixelsprobesenablehighyieldrecordingsinfreelymovingmice	0	B	1
themarketforblood	3	S	0
vagusnervestimulationinhibitscytokineproductionandattenuatesdiseaseseverityinrhe	2	B	1
adeeplearningframeworkforfinancialtimeseriesusingstackedautoencodersandlongshort	1	X	0
memoryforemotionalsimulations	2	M	1
behavioralprimingitsallinthemindbutwhosemind	3	M	0
childprotectionandchildoutcomesmeasuringtheeffectsoffostercare	3	S	1
measuringaggregationinparasitepopulations	1	L	0
componentsofplasticexperimentalstudiesinanimalsandrelevanceforhumanhealth	3	B	1
theevolutionandgeneticsofcerebralasymmetry	2	M	0
therateofmetabolisminmarineanimalsenvironmentalconstraintsecologicaldemandsanden	1	L	0
theworldofemotionsisnottwodimensional	2	M	1
thefluiddynamicsofcanineolfactionuniquenasalairflowpatternsasanexplanationofmacr	3	L	1
theroleoftheairlinetransportationnetworkinthepredictionandpredictabilityofglobal	2	B	0
decouplingoftheminorityphdtalentpoolandassistantprofessorhiringinmedicalschoolba	2	S	1
fiscalvolatilityshocksandeconomicactivity	1	S	1
motivatinggoaldirectedbehaviorthroughintrospectiveselftalk	2	M	1
inhibitorsofcathepsinlpreventsevereacuterespiratorysyndromecoronavirusentry	1	B	1
socialaffiliationmattersbothsamesexandoppositesexrelationshipspredictsurvivalinw	3	L	1
extremeclimaticeventdrivesrangecontractionofahabitatformingspecies	2	L	1
predictingandunderstandinginitialplay	1	X	1
increasedreactiveoxygenspeciesformationandoxidativestressinrheumatoidarthritis	1	B	1
interactionsbetweenpredatoranddietinducedphenotypicchangesinbodyshapeofcrucianca	1	L	1
whyegalitarianismmightbegoodforyourhealth	3	M	1
highperformanceresistivehumiditysensorbasedonagnanoparticlesdecoratedwithgraphen	0	C	1
speeddependentintrinsiccaudalfinmusclerecruitmentduringsteadyswimminginbluegills	0	L	1
thenonlineardevelopmentofemotiondifferentiationgranularemotionalexperienceislowi	2	M	1
adaptiveresistancetotherapeuticpd1blockadeisassociatedwithupregulationofalternat	0	B	1
identificationofrnf213asasusceptibilitygeneformoyamoyadiseaseanditspossiblerolei	0	B	1
incentivesandopportunismfromthecarrottothestick	1	M	0
scalinglawspredictglobalmicrobialdiversity	1	L	1
habitatperformancerelationshipsfindingtherightmetricatagivenspatialscale	1	L	0
cftrdeliveryto25ofsurfaceepithelialcellsrestoresnormalratesofmucustransporttohum	1	B	1
heartvalvemacroandmicrostructure	1	B	0
globalanalysisofp53regulatedtranscriptionidentifiesitsdirecttargetsandunexpected	0	B	1
isitwhomyouknoworwhatyouknowanempiricalassessmentofthelobbyingprocess	3	S	1
nighttimetemperatureandhumansleeplossinachangingclimate	3	B	1
thepoliticallegacyofentertainmenttv	3	S	1
findingscientifictopics	0	X	0
bridgingquantumandclassicalplasmonicswithaquantumcorrectedmodel	0	P	0
socialcognitionbyfoodcachingcorvidsthewesternscrubjayasanaturalpsychologist	3	L	1
oligodendrocytescontrolpotassiumaccumulationinwhitematterandseizuresusceptibilit	0	B	1
whydomanagementpracticesdifferacrossfirmsandcountries	2	S	1
locohnonparameterickernelmethodsforconstructinghomerangesandutilizationdistribut	0	L	0
thestateofappliedeconometricscausalityandpolicyevaluation	1	S	0
changesincompositionofspiderorbwebstickydropletswithstarvationandwebremovalandsy	2	L	1
theredoxfilterbeneathmagmaticorogensandtheformationofcontinentalcrust	0	E	1
progressandchallengestowardstargeteddeliveryofcancertherapeutics	2	B	0
whyhasthenumberofscientificretractionsincreased	3	X	1
adaptivedevelopmentalplasticitywhatisithowcanwerecognizeitandwhencanitevolve	1	L	0
thebigmanmechanismhowprestigefosterscooperationandcreatesprosocialleaders	3	K	0
bacilluscalmetteguérinvaccinationreducestheseverityandprogressionoftuberculosisi	2	B	1
predationriskisanecologicalconstraintforhelperdispersalinacooperativelybreedingc	1	L	1
psychosocialstressreversiblydisruptsprefrontalprocessingandattentionalcontrol	2	M	1
underestimationofspeciesrichnessinneotropicalfrogsrevealedbymtdnaanalyses	1	L	1
constituentsofpoliticalcognitionracepartypoliticsandthealliancedetectionsystem	2	M	1
forwhomthemindwandersandwhenvariesacrosslaboratoryanddailylifesettings	2	M	1
endogenousverifiabilityandrelationalcontracting	0	S	0
theincreasingpredictivevalidityofselfratedhealth	2	B	1
inhibitoryspillover	3	M	1
thereachofradioendingcivilconflictthroughrebeldemobilization	3	S	1
factfreelearning	1	M	0
rapidredistributionofsynapticpsd95intheneocortexinvivo	0	B	1
multifunctionalseleniumnanoparticleswithgalangininducedhepg2cellapoptosisthrough	0	B	1
retirementconsumptionandpensiondesign	2	S	1
scalingofswimmingperformanceinbaleenwhales	2	L	1
thehazardsofsmokingandthebenefitsofcessationacriticalsummationoftheepidemiologic	3	B	0
afishperspectivedetectingflowfeatureswhilemovingusinganartificiallaterallineinst	2	L	1
understandingtheelectricandnonelectricfieldcomponentsofthecationeffectontheelect	0	C	1
typesandratesofforestdisturbanceinbrazilianlegalamazon20002013	2	E	1
pregnancyisadraghydrodynamicskinematicsandperformanceinpreandpostparturitionbott	3	L	1
isolatedcapitalcitiesaccountabilityandcorruptionevidencefromusstates	3	S	1
actincytoskeletonofrabbitintestinalcellsisatargetforpotentmarinephycotoxins	0	B	1
effectsofmultipleveinmicrojointsonthemechanicalbehaviourofdragonflywingsnumerica	1	L	0
drosophilaenhancergal4linesshowectopicexpressionduringdevelopment	0	L	1
gesturechangesthoughtbygroundingitinaction	3	M	1
the20itemprosopagnosiaindexpi20relationshipwiththeglasgowfacematchingtest	2	M	1
canfinancialengineeringcurecancer	3	S	0
ontogenyofliftanddragproductioningroundbirds	1	L	1
buzzingduringbiosonarbasedinterceptionofpreyinthedelphinidstursiopstruncatusandp	2	L	1
microeconomicoriginsofmacroeconomictailrisks	1	S	0
towardsapharmacophoreforamyloid	0	B	1
spatiotemporalanalysisoflandusedynamicsanditspotentialindicationsonlandsurfacete	2	E	1
didawardingbadgesincreasedatasharinginbmjopenarandomizedcontrolledtrial	2	X	1
tradequalityupgradingandinputlinkagestheoryandevidencefromcolombia	1	S	1
coloredandpaintablebilayercoatingswithhighsolarinfraredreflectanceforefficientco	2	C	1
globalthreatsfrominvasivealienspeciesinthetwentyfirstcenturyandnationalresponsec	2	L	1
atrustednodefreeeightusermetropolitanquantumcommunicationnetwork	0	P	1
anovelinvitromultiplestressdormancymodelformycobacteriumtuberculosisgeneratesali	0	B	1
stronginterlayercouplinginvanderwaalsheterostructuresbuiltfromsinglelayerchalcog	0	C	1
ageneticallyinformedregisteredreportonadversechildhoodexperiencesandmentalhealth	2	M	1
transientreceptorpotentialchannelscurrentperspectivesonevolutionstructurefunctio	1	B	0
highlycomparativetimeseriesanalysistheempiricalstructureoftimeseriesandtheirmeth	0	X	0
theamericanfamilyandfamilyeconomics	3	S	0
theconsequencesofraceforpoliceofficersresponsestocriminalsuspects	3	M	1
howtheopinionofothersaffectsourvaluationofobjects	3	M	1
trajectoriesoftheearthsystemintheanthropocene	3	E	0
persistentfatiguefollowingsarscov2infectioniscommonandindependentofseverityofini	3	B	1
theinfluencesofammoniaonaerosolformationintheozonolysisofstyrenerolesofcriegeein	0	C	1
improvementoftheaerodynamicperformancebywingflexibilityandelytrahindwinginteract	1	L	0
medicalcarespendingandlabormarketoutcomesevidencefromworkerscompensationreforms	2	S	1
closingoilpalmyieldgapsamongindonesiansmallholdersthroughindustryschemespruningw	2	E	1
fictitiousinhibitorydifferences	1	M	0
trackingemploymentshocksusingmobilephonedata	3	S	1
diffractionbeforedestruction	0	P	1
visualacuityinrayfinnedfishescorrelateswitheyesizeandhabitat	1	L	0
racialdisparitiesinincarcerationincreaseacceptanceofpunitivepolicies	3	S	1
themultiunitassignmentproblemtheoryandevidencefromcourseallocationatharvard	2	S	1
tropicalforestsandthechangingearthsystem	2	E	0
localcommunitysizemediatesecologicaldriftandcompetitioninmetacommunities	0	L	0
studyontheeffectofdigitaleconomyonhighqualityeconomicdevelopmentinchina	1	S	1
detectionofnitritebasedonfluorescentcarbondotsbythehydrothermalmethodwithfolicac	0	C	1
sharingdetailedresearchdataisassociatedwithincreasedcitationrate	2	X	1
twoqubitsiliconquantumprocessorwithoperationfidelityexceeding99	0	P	1
pushingthelimitmasticatorystressandadaptiveplasticityinmammaliancraniomandibular	0	L	0
modellingcommunicationenabledtrafficinteractions	2	G	0
colobopsajuvenilerhynchocephalianreptilelepidosauromorphanotadiminutivearchosaur	1	L	1
asinglecelltranscriptomicatlasoftheadultdrosophilaventralnervecord	0	B	1
selectivemobilizationoffattyacidsfromadiposetissueinmigratorybirds	1	L	1
recruitmenteffortandretentioneffectsofperformancecontractsforcivilservantsexperi	2	S	1
whyresilienceisunappealingtosocialsciencetheoreticalandempiricalinvestigationsof	1	S	1
toolsandstrategiesformalariacontrolandeliminationwhatdoweneedtoachieveagrandconv	2	B	0
universalbasicincomesversustargetedtransfersantipovertyprogramsindevelopingcount	3	S	0
advancesinhighlydopedupconversionnanoparticles	0	C	0
artificialopticneuralsynapseforcoloredandcolormixedpatternrecognition	0	C	1
ventilatorycompensationofthealkalinetideduringdigestioninthesnakeboaconstrictor	2	L	1
effectiveremovaloftetracyclineantibioticsfromwastewaterusingpracticallyapplicabl	1	C	1
correctingcovid19vaccinemisinformationin10countries	3	S	1
motherinfantcontingentvocalizationsin11countries	2	M	1
theimpactofstudysizeonmetaanalysesexaminationofunderpoweredstudiesincochranerevi	1	X	1
aglobalreanalysisofstormsurgesandextremesealevels	2	E	1
diapauseterminationanddevelopmentofencystedartemiaembryosrolesfornitricoxideandh	0	L	1
changesindatasharinganddatareusepracticesandperceptionsamongscientistsworldwide	2	X	1
morallearningconceptualfoundationsandnormativerelevance	2	M	0
syntacticprimingincomprehension	1	K	1
reactanceversusrationalization	3	M	1
progressivefuzzycationπassemblyofbiologicalcatecholamines	0	C	1
bodyawarenessconstructandselfreportmeasures	1	M	1
emulationimitationoverimitationandthescopeofcultureforchildandchimpanzee	3	M	1
anisotropicresidualstressesinarteries	0	B	0
aglobalanalysisofcoralbleachingoverthepasttwodecades	3	L	1
resolutionofrayfinnedfishphylogenyandtimingofdiversification	0	L	1
cansubsaharanafricafeeditself	3	S	0
growthinemissiontransfersviainternationaltradefrom1990to2008	2	E	1
diffusionweightedimagedenoisingusingovercompletelocalpca	0	X	0
mappinghumanbrainnetworkswithcorticocorticalevokedpotentials	0	B	1
distincteffectsofprefrontalandparietalcortexinactivationsonanaccumulationofevide	0	B	1
debtrevenueandthesustainabilityofpublicdebt	2	S	0
therestlessbrainhowintrinsicactivityorganizesbrainfunction	2	B	0
subsidizinghealthinsuranceforlowincomeadultsevidencefrommassachusetts	3	S	1
predictingsensationseekingfromdopaminegenes	2	M	1
protectingimportantsitesforbiodiversitycontributestomeetingglobalconservationtar	2	L	1
extragalacticbackgroundlightmeasurementsandapplications	0	P	0
fearextinctiontoanoutgroupface	3	M	1
usingtextanalysistoquantifythesimilarityandevolutionofscientificdisciplines	2	X	1
decolonizingglobalaigovernanceassessmentofthestateofdecolonizedaigovernanceinsub	2	S	0
transportdistanceofinvertebrateenvironmentaldnainanaturalriver	1	L	1
genderdifferencesinacceptingandreceivingrequestsfortaskswithlowpromotability	3	S	1
leadersinsocialnetworksthedeliciouscase	1	X	1
nanoparticleshumanhealthhazardandregulation	2	B	0
hiddendestructionofolderforeststhreatensbrazilsatlanticforestandchallengesrestor	2	E	1
urinaryoxytocinandsocialbondinginrelatedandunrelatedwildchimpanzees	3	L	1
theriseanddeclineofgenerallawsofcapitalism	3	S	0
morbidobesityasariskfactorforhospitalizationanddeathdueto2009pandemicinfluenzaah	2	B	1
structuralandfunctionalimagingofbottlenosedolphintursiopstruncatuscranialanatomy	2	L	1
crosslanguageintrusionerrorsinagingbilingualsrevealthelinkbetweenexecutivecontro	2	K	1
adsorptionofhexavalentchromiumbypolyacrylonitrilebasedporouscarbonfromaqueoussol	1	C	1
stimulusspecificdelayactivityinhumanprimaryvisualcortex	0	B	1
supportivefamilyenvironmentsamelioratethelinkbetweenracialdiscriminationandepige	3	B	1
iconicityaffectschildrenscomprehensionofcomplexsentencestheroleofsemanticsclause	1	K	1
scalingthephaseplanesofsocialdilemmastrengthsshowsgameclasschangesinthefiverules	0	X	0
globalvariationinthermaltolerancesandvulnerabilityofendothermstoclimatechange	2	L	1
aparallelarchitectureperspectiveonpreactivationandpredictioninlanguageprocessing	1	K	0
3dprintedepifluidicelectronicskinformachinelearningpoweredmultimodalhealthsurvei	2	G	1
climatechangeecosystemsandabruptchangesciencepriorities	2	E	0
variabilitymodifieslifesatisfactionsassociationwithmortalityriskinolderadults	3	M	1
surveyofthequalityofexperimentaldesignstatisticalanalysisandreportingofresearchu	1	X	1
firsttraceandbodyfossilevidenceofaburrowingdenningdinosaur	3	L	1
microfinancemeetsthemarket	3	S	1
putyourimperfectionsbehindyou	3	M	1
cardiaccellintegratedmicroneedlepatchfortreatingmyocardialinfarction	2	B	1
anontologyofscientificexperiments	0	X	0
genetranscriptionprofilesassociatedwithintermodularhubsandconnectiondistanceinhu	0	B	1
alongitudinalclusterrandomizedcontrolledstudyontheaccumulatingeffectsofindividua	3	S	1
respirationalignsperceptionwithneuralexcitability	2	M	1
cavitymagnomechanics	0	P	0
insignificanteffectofarcticamplificationontheamplitudeofmidlatitudeatmosphericwa	2	E	1
estimatingbiologicallyrelevantparametersunderuncertaintyforexperimentalwithinhos	1	B	0
anaturalexperimentinmonetarypolicycoveringthreeepisodesofgrowthanddeclineintheec	1	S	1
socioeconomicstatusstressfullifesituationsandmentalhealthproblemsinchildrenandad	3	M	1
willthestorkreturntoeuropeandjapanunderstandingfertilitywithindevelopednations	3	S	1
rareearthelementmobilityinandaroundcarbonatitescontrolledbysodiumpotassiumandsil	0	C	1
theinvestmentstrategiesofsovereignwealthfunds	2	S	0
dualleadingedgevorticesonflappingwings	1	L	1
influenceofepidermalhydrationonthefrictionofhumanskinagainsttextiles	2	B	1
neuralpredictorsofgivingintotemptationindailylife	3	M	1
globaltrendsinwildfireanditsimpactsperceptionsversusrealitiesinachangingworld	3	E	0
happinessisapersonalitything	3	M	1
socialcapitalpredictscorruptionriskintowns	2	S	1
theinfluenceofsocialpreferencesandreputationalconcernsonintergroupprosocialbehav	2	M	1
tuningthephaseofcircadianentrainment	2	B	0
whyaretherestillsomanyjobsthehistoryandfutureofworkplaceautomation	3	S	0
inequalityininfrastructureaccessanditsassociationwithhealthdisparities	3	S	1
directsynthesisofformicacidfromcarbondioxidebyhydrogenationinacidicmedia	0	C	1
multiplexnetworksinmetropolitanareasgenericfeaturesandlocaleffects	1	X	1
cooperatingtocompetealtruismsexualselectionandcausesofmalereproductivecooperatio	1	L	0
thepaceofmorphologicalchangehistoricaltransformationofskullshapeinstbernarddogs	2	L	1
somecausaleffectsofanindustrialpolicy	1	S	1
mappinginequalitiesinexclusivebreastfeedinginlowandmiddleincomecountries20002018	2	B	1
disabilitybenefitreceiptandreformreconcilingtrendsintheunitedkingdom	2	S	1
anexplanatoryframeworkforadaptivepersonalitydifferences	1	L	0
mantabirostrispredatorofthedeepinsightintothedietofthegiantmantaraythroughstable	2	L	1
unconventionalquantumopticsintopologicalwaveguideqed	0	P	0
behaviouralandneurophysiologicalevidenceforfaceidentityandfaceemotionprocessingi	2	M	0
openaccesstothescientificjournalliteraturesituation2009	1	X	1
benefitsofneuroeconomicmodelingnewpolicyinterventionsandpredictorsofpreference	1	M	0
calibrationuncertaintyinmoleculardatinganalysesthereisnosubstitutefortheprioreva	0	L	0
isdecouplinggdpgrowthfromenvironmentalimpactpossible	3	E	1
mathematicalmodelsforassessingtheroleofairflowontheriskofairborneinfectioninhosp	2	B	0
globalprojectionsoffutureurbanlandexpansionundersharedsocioeconomicpathways	1	E	0
physiologicaldifferencesbetweenwildandcaptiveanimalsacenturyolddilemma	2	L	0
impairedlysosomalacidificationtriggersirondeficiencyandinflammationinvivo	0	B	1
proinflammatorycytokinesifnγandtnfαinfluenceimmunepropertiesofhumanbonemarrowand	0	B	1
generalizingthetaylorprinciplecomment	0	S	0
establishingtheevidencebaseformaintainingbiodiversityandecosystemfunctionintheoi	2	L	0
reevaluatingthelinkbetweenbrainsizeandbehaviouralecologyinprimates	1	L	1
effectofmaternalageontheriskofpretermbirthalargecohortstudy	3	B	1
whenishigherneuroticismprotectiveagainstdeathfindingsfromukbiobank	3	M	1
ligninpolysaccharideinteractionsinplantsecondarycellwallsrevealedbysolidstatenmr	0	C	1
earlybioenergeticevolution	1	L	0
fullimplementationandbeliefrestrictions	0	S	0
metallicionsastherapeuticagentsintissueengineeringscaffoldsanoverviewoftheirbiol	0	C	0
synchronizationofspontaneouseyeblinkswhileviewingvideostories	2	M	1
themechanicsanddesignofalightweightthreedimensionalgrapheneassembly	0	C	1
quantifyingthedisincentiveeffectsofjointtaxationonmarriedwomenslaborsupply	2	S	1
senescenceassociatedsecretoryphenotypesrevealcellnonautonomousfunctionsofoncogen	0	B	1
mesoporoussilicananocarriersasdrugdeliverysystemsforantitubercularagentsareview	0	C	0
howchildrenperceivefractalshierarchicalselfsimilarityandcognitivedevelopment	2	M	1
systematicandquantitativeviewoftheantiviralarsenalofprokaryotes	0	L	0
theeffectsofincometransparencyonwellbeingevidencefromanaturalexperiment	3	S	1
chimpanzeesrecognizetheirowndelayedselfimage	3	M	1
trophicamplificationofclimatewarming	1	E	0
stemcellfatedictatedsolelybyalterednanotubedimension	0	B	1
macroeconomicmodelingformonetarypolicyevaluation	1	S	0
increasingforestfireemissionsdespitethedeclineinglobalburnedarea	2	E	1
dysphagiainacutestrokeincidenceburdenandimpactonclinicaloutcome	2	B	1
glucotypesrevealnewpatternsofglucosedysregulation	2	B	1
paranoiasensitizationandsocialinferencefindingsfromtwolargescalemultiroundbehavi	2	M	1
brian2anintuitiveandefficientneuralsimulator	0	X	0
collectiveresistanceinmicrobialcommunitiesbyintracellularantibioticdeactivation	1	L	1
reactivationofpreviousexperiencesinaworkingmemorytask	2	M	1
highlystableandefficientallinorganicleadfreeperovskitesolarcellswithnativeoxidep	0	C	1
thefrequencygradientofhumanrestingstatebrainoscillationsfollowscorticalhierarchi	1	M	1
onthelimitsoffittingcomplexmodelsofpopulationhistorytofstatistics	0	L	0
canyoumovetoopportunityevidencefromthegreatmigration	3	S	1
globalwarmingbenefitsthesmallinaquaticecosystems	2	E	0
magnontransistorforallmagnondataprocessing	0	P	1
nonconvexitiesretirementandtheelasticityoflaborsupply	1	S	0
stateanxietyandemotionalfacerecognitioninhealthyvolunteers	2	M	1
afullyautomatedhighthroughputworkflowfor3dbasedchemicalscreeninginhumanmidbraino	0	B	0
thegendergapinsciencehowlonguntilwomenareequallyrepresented	3	S	1
thehumangluteusmaximusanditsroleinrunning	3	L	1
whatfuelstheflyenergymetabolismindrosophilaanditsapplicationtothestudyofobesitya	1	L	0
reconcilingtheinfluenceofpredictivenessanduncertaintyonstimulussalienceamodelofa	1	M	0
locomotionasanemergentpropertyofmusclecontractiledynamics	1	L	0
lonelinessintheukduringthecovid19pandemiccrosssectionalresultsfromthecovid19psyc	3	M	1
landandracialwealthinequality	3	S	1
highcontentductilecoherentnanoprecipitatesachieveultrastronghighentropyalloys	0	C	1
differentialarthropodresponsestowarmingarealteringthestructureofarcticcommunitie	2	E	1
testingolfactoryforagingstrategiesinanantarcticseabirdassemblage	2	L	1
universalityofcitationdistributionstowardanobjectivemeasureofscientificimpact	2	X	1
mathematicalmodellingtostudythehorizontaltransferofantimicrobialresistancegenesi	1	B	0
solventcontrolledgrowthofinorganicperovskitefilmsindryenvironmentforefficientand	0	C	1
artificialtactileperceptionsmartfingerformaterialidentificationbasedontriboelect	1	G	1
oncogenicactivationofpi3kaktmtorsignalingsuppressesferroptosisviasrebpmediatedli	0	B	1
subjectiveconfidencepredictsinformationseekingindecisionmaking	2	M	1
robustestimatesofthetruepopulationinfectionrateforcovid19abackcastingapproach	2	B	1
temperatureeffectsonmetabolicrateofjuvenilepacificbluefintunathunnusorientalis	2	L	1
phthalatesandotheradditivesinplasticshumanexposureandassociatedhealthoutcomes	3	B	0
singlecelltranscriptionalsignaturesofthehumanplacentaintermandpretermparturition	0	B	1
detectionofhumandiseaseconditionsbysinglecellmorphorheologicalphenotypingofblood	1	B	1
difluoromethanesulfonylhypervalentiodoniumylidesforelectrophilicdifluoromethylth	0	C	1
whopaysfortheminimumwage	3	S	1
ontheshapeandfabricofhumanhistory	2	K	0
spatiotemporalnetworksreachabilitycentralityandrobustness	0	X	1
sexdifferencesinmatepreferencesacross45countriesalargescalereplication	3	M	1
feelinglearningfromandbeingawareofinnerstatesinteroceptivedimensionsinneurodegen	1	B	1
thealgorithmicoriginsoflife	2	L	0
undulatorylocomotionofflexiblefoilsasbiomimeticmodelsforunderstandingfishpropuls	1	G	1
ambientco2fishbehaviourandalteredgabaergicneurotransmissionexploringthemechanism	1	L	1
streptomycesexplorationistriggeredbyfungalinteractionsandvolatilesignals	1	L	1
feelingblueorturquoiseemotionaldifferentiationinmajordepressivedisorder	3	M	1
harmonizationofrestingstatefunctionalmridataacrossmultipleimagingsitesviathesepa	0	X	0
spatialselforganizationfavorsheterotypiccooperationovercheating	1	L	0
exploitingmultimodewaveguidesforpurefibrebasedimaging	0	P	1
usingschoolchoicelotteriestotestmeasuresofschooleffectiveness	2	S	1
closingthegapincreasesinlifeexpectancyamongtreatedhivpositiveindividualsintheuni	3	B	1
aglobalassessmentofmarineheatwavesandtheirdrivers	2	E	1
longerandmorefrequentmarineheatwavesoverthepastcentury	2	E	1
bonedensityandthelightweightskeletonsofbirds	2	L	1
noplacelikehomeatestofthenatalhabitatbiaseddispersalhypothesisinscandinavianwolv	2	L	1
economicinsecurityandthecausesofpopulismreconsidered	3	S	0
genomewideassociationanalysesofchronotypein697828individualsprovidesinsightsinto	2	B	1
shiftsincodingpropertiesandmaintenanceofinformationtransmissionduringadaptationi	0	M	1
anupdatedinvestigationofthemultidimensionalstructureoflanguagelateralizationinle	0	M	1
assessingurbanstrategiesforreducingtheimpactsofextremeweatheroninfrastructurenet	2	G	1
theglobalnitrogencycleinthetwentyfirstcentury	1	E	0
thelengtheningofchildhood	3	S	1
metaboliteprofilingofsymbiontandhostduringthermalstressandbleachinginamodelcnida	1	L	1
reinforcementlearningoractiveinference	0	X	0
dinosaursandthecretaceousterrestrialrevolution	3	L	0
teachinginhuntergathererinfancy	3	K	1
marineplasticpollutioninwatersaroundaustraliacharacteristicsconcentrationsandpat	3	E	1
oligomericamyloidβassociateswithpostsynapticdensitiesandcorrelateswithexcitatory	0	B	1
adualmodetextileforhumanbodyradiativeheatingandcooling	2	G	1
essentialroleformir196ainbrownadipogenesisofwhitefatprogenitorcells	0	B	1
earlygrowthconditionsphenotypicdevelopmentandenvironmentalchange	1	L	0
anempiricalassessmentoftransparencyandreproducibilityrelatedresearchpracticesint	2	X	1
earningslossesofdisplacedworkersrevisited	2	S	1
hormonalmechanismsofcooperativebehaviour	1	L	0
globalpatternsofterrestrialvertebratediversityandconservation	2	L	1
interactionofcolloidalnanoparticleswiththeirlocalenvironmenttheionicnanoenvironm	0	C	0
tropicalforestsweretheprimarysourcesofnewagriculturallandinthe1980sand1990s	2	E	1
navigatingfeaturesatopologicallyinformedchartofelectromyographicfeaturesspace	0	X	0
theeconomicconsequencesofhospitaladmissions	2	S	1
wetbutnotslipperyboundaryfrictionintreefrogadhesivetoepads	2	L	1
ontheoriginofbiochemistryatanalkalinehydrothermalvent	2	L	0
socialcognition	1	M	0
theplacentaamultifacetedtransientorgan	2	B	0
theoreticalpredictionsforhotcarriergenerationfromsurfaceplasmondecay	0	P	0
deferredfeedbacksharplydissociatesimplicitandexplicitcategorylearning	1	M	1
thecaseforforecasttargetingasamonetarypolicystrategy	1	S	0
riskperceptionandoptimismduringtheearlystagesofthecovid19pandemic	3	M	1
evolutionarystasisandlabilityinthermalphysiologyinagroupoftropicallizards	1	L	1
areconsumersmyopicevidencefromnewandusedcarpurchases	2	S	1
acobaltcomplexredoxshuttlefordyesensitizedsolarcellswithhighopencircuitpotential	0	C	1
theflowfieldsinvolvedinhydrodynamicimagingbyblindmexicancavefishastyanaxfasciatu	2	L	1
metaopticsachievesrgbachromaticfocusingforvirtualreality	1	P	1
thematerialfootprintofnations	2	E	1
bioticandabioticvariablesinfluencingplantlitterbreakdowninstreamsaglobalstudy	1	L	1
groundwaterdepletionandsustainabilityofirrigationintheushighplainsandcentralvall	2	E	1
groupformationrelatednessandtheevolutionofmulticellularity	1	L	0
proteinaggregationandproteininstabilitygovernfamilialamyotrophiclateralsclerosis	1	B	1
increasedgeneticvariationandevolutionarypotentialdrivethesuccessofaninvasivegras	1	L	1
flightspeedsamongbirdspeciesallometricandphylogeneticeffects	2	L	1
innovationandforeignownership	1	S	1
estimatingtheproductionfunctionforhumancapitalresultsfromarandomizedcontrolledtr	2	S	1
theagespecificquantitativeeffectsofmetabolicriskfactorsoncardiovasculardiseasesa	2	B	1
pungentproductsfromgarlicactivatethesensoryionchanneltrpa1	2	B	1
softmaterialforsoftactuators	1	G	1
waterwatereverywhereenvironmentaldnacanunlockpopulationstructureinelusivemarines	2	L	1
coloropponencyinsynaestheticexperiences	3	M	1
theeffectofenvironmentalparametersonthesurvivalofairborneinfectiousagents	2	B	0
theinfluenceofseaicewindspeedandmarinemammalsonsouthernoceanambientsound	2	E	1
absolutehumidityandtheseasonalonsetofinfluenzainthecontinentalunitedstates	2	B	1
policyevolutionunderthecleanairact	3	S	0
howdoeshouseholdincomeaffectchildpersonalitytraitsandbehaviors	3	S	1
threedimensionalflowandliftcharacteristicsofahoveringrubythroatedhummingbird	2	L	0
pawswithoutclawsecologicaleffectsoflargecarnivoresinanthropogeniclandscapes	2	L	0
flyinginreversekinematicsandaerodynamicsofadragonflyinbackwardfreeflight	2	L	1
organismalclimatologyanalyzingenvironmentalvariabilityatscalesrelevanttophysiolo	1	E	0
reducedgrapheneoxideloadednanocompositescaffoldsforenhancingangiogenesisintissue	0	C	1
socialrelationshipsanddepressiontenyearfollowupfromanationallyrepresentativestud	3	M	1
impactofnaturallyspawningcaptivebredatlanticsalmononwildpopulationsdepressedrecr	2	L	1
threedimensionalidentificationofstemcellsbycomputationalholographicimaging	0	B	0
aglobalreviewofpastlanduseclimateandactivevspassiverestorationeffectsonforestrec	2	E	0
nanophotonicparticlesimulationandinversedesignusingartificialneuralnetworks	0	X	0
stabilizationandmobilityoftheheadneckandtrunkinhorsesduringovergroundlocomotionc	1	L	1
abodycompositionmodeltoestimatemammalianenergystoresandmetabolicratesfrombodymas	2	L	1
middleeocenerodentsfromperuvianamazoniarevealthepatternandtimingofcaviomorphorig	2	L	1
forecastingthelimitsofresilienceintegratingempiricalresearchwiththeory	1	E	0
associationoftolllikereceptor7variantswithlifethreateningcovid19diseaseinmalesfi	2	B	1
defensivephysiologicalreactionstorejection	2	M	1
thedomesticationofamazoniabeforeeuropeanconquest	3	H	0
changesinseasonalsnowwaterequivalentdistributioninhighmountainasia1987to2009	1	E	1
performanceoptimizedhierarchicalmodelspredictneuralresponsesinhighervisualcortex	0	M	1
abayesianphylogeneticstudyofthedravidianlanguagefamily	2	K	1
theeffectsofsustainedexerciseandhypoxiauponoxygentensionsintheredmuscleofrainbow	1	L	1
neurogeneticdissectionofthedrosophilalateralhornrevealsmajoroutputsdiversebehavi	0	L	1
comparisonofmethodstodeterminepointtopointresistanceinnearlyrectangularnetworksw	0	P	0
functionalassemblyofengineeredmyocardiumbyelectricalstimulationofcardiacmyocytes	0	B	1
insectsrunningonelasticsurfaces	2	L	1
amyloidasadepotfortheformulationoflongactingdrugs	1	B	1
acclimationtodifferentthermalconditionsinanortherlywinteringshorebirdisdrivenbyb	1	L	1
theneurobiologyofpathologicalgamblinganddrugaddictionanoverviewandnewfindings	2	M	0
genelimitingcadmiumaccumulationinrice	2	L	1
patternsofthecovid19pandemicspreadaroundtheworldexponentialversuspowerlaws	2	B	1
anticipatoryaffectneuralcorrelatesandconsequencesforchoice	1	M	0
globalsealevellinkedtoglobaltemperature	2	E	1
viewbasedstrategyforreorientationbygeometry	1	M	1
nonaccidentalpropertiesunderliehumancategorizationofcomplexnaturalscenes	1	M	1
theinfluenceofambienttemperatureandthermalacclimationonhearinginaeurythermalanda	1	L	1
firstsatellitetracksofneonateseaturtlesredefinethelostyearsoceanicniche	3	L	1
mediapulpitandpopulistpersuasionevidencefromfathercoughlin	3	S	1
ecosystemchangeandstabilityovermultipledecadesintheswedishsubarcticcomplexproces	2	E	1
newtoolsforautomatedhighresolutioncryoemstructuredeterminationinrelion3	0	X	0
competingopiniondiffusiononsocialnetworks	1	X	0
surfacestrainmeasurementsoffingertipskinundershearing	1	B	1
screeningforvulnerabilityinoldercancerpatientstheoncodageprospectivemulticenterc	2	B	1
classsizecapssortingandtheregressiondiscontinuitydesign	1	S	1
fromneuralresponsestopopulationbehavior	2	M	1
revealingtheclosedporeformationofwastewoodderivedhardcarbonforadvancedsodiumionb	0	C	1
handandpawpreferencesinrelationtothelateralizedbrain	2	L	0
blindinsightmetacognitivediscriminationdespitechancetaskperformance	1	M	1
threatofplasticpollutiontoseabirdsisglobalpervasiveandincreasing	3	E	0
generalizationoflearnedpredatorrecognitionanexperimentaltestandframeworkforfutur	1	L	1
plasmoninducedthermoelectriceffectingraphene	0	P	1
selfassembledmicroorganogelsfor3dprintingsiliconestructures	0	C	1
biodegradabletriboelectricnanogeneratorasalifetimedesignedimplantablepowersource	1	G	1
chartingbraingrowthandagingathighspatialprecision	2	B	1
prevalenceofdifferentmodesofparentalcareinbirds	2	L	0
fresheningbyglacialmeltwaterenhancesmeltingoficeshelvesandreducesformationofanta	1	E	1
extremeenduranceflightsbylandbirdscrossingthepacificoceanecologicalcorridorrathe	3	L	1
theeffectofbirthcohortonwellbeing	2	M	1
snowballearthclimatedynamicsandcryogeniangeologygeobiology	2	E	0
ferrousironformationfollowingthecoaggregationofferricironandthealzheimersdisease	0	B	1
musclesdomorepositivethannegativeworkinhumanlocomotion	2	L	1
greensynthesisofgrapheneoxidebysecondstimescalewaterelectrolyticoxidation	0	C	1
proprioceptiveandcutaneoussensationsinhumanselicitedbyintracorticalmicrostimulat	2	B	1
humidityaffectstheextensibilityofanorbweavingspidersviscousthreaddroplets	2	L	1
rotationalaccelerationsstabilizeleadingedgevorticesonrevolvingflywings	1	L	1
generativeaienhancesindividualcreativitybutreducesthecollectivediversityofnovelc	3	M	1
toliveamonglikemindedothers	3	M	1
recentadvancesintheanalysisofbehaviouralorganizationandinterpretationasindicator	1	L	0
usingchatgptforhumancomputerinteractionresearchaprimer	2	X	1
awholebrainconnectivitymapofmouseinsularcortex	0	B	1
ambientblackcarbonparticlesreachthefetalsideofhumanplacenta	3	B	1
laminaranalysisofexcitatorylocalcircuitsinvibrissalmotorandsensorycorticalareas	0	M	1
photocatalyticactivityofgrapheneoxidetio2thinfilmssensitizedbynaturaldyesextract	0	C	1
ambientammoniasynthesisviapalladiumcatalyzedelectrohydrogenationofdinitrogenatlo	0	C	1
pacificandatlanticoceaninfluencesonmultidecadaldroughtfrequencyintheunitedstates	2	E	1
howcandualtaskworkingmemoryretentionlimitsbeinvestigated	1	M	0
apatiteformingabilityoftitaniumintermsofphoftheexposedsolution	0	C	1
immunogenicityandstructuresofarationallydesignedprefusionmerscovspikeantigen	0	B	1
thenanometrescalephysiologyofbonestericmodellingandscanningtransmissionelectronm	0	B	1
largescalequantumemitterarraysinatomicallythinsemiconductors	0	P	1
transportationcostsandinternationaltradeintheseconderaofglobalization	2	S	1
needleshapedpolymericparticlesinducetransientdisruptionofcellmembranes	0	B	1
rapidaggregationofbiofilmcoveredmicroplasticswithmarinebiogenicparticles	2	E	1
overlappingneuronalcircuitsinaddictionandobesityevidenceofsystemspathology	2	M	0
birdpopulationtrendsarelinearlyaffectedbyclimatechangealongspeciesthermalranges	2	L	1
promotinginclusivemetricsofsuccessandimpacttodismantleadiscriminatoryrewardsyste	2	S	0
elucidatingthesignificanceofspatialmemoryonmovementdecisionsbyafricansavannahele	2	L	1
dynamicsoftheaerialmaneuversofspinnerdolphins	3	L	1
enhancedoptoelectronicqualityofperovskitethinfilmswithhypophosphorousacidforplan	0	C	1
geneticsignatureofanthropogenicpopulationcollapseinorangutans	2	L	1
howdoesstigmagetundertheskin	2	M	1
interceptionbytwopredatoryflyspeciesisexplainedbyaproportionalnavigationfeedback	2	L	1
interannualvariabilityofcyanobacterialbloomsinlakeerie	2	E	1
combiningstructureanddynamicsnondenaturinghighpressureeffectonlysozymeinsolution	0	C	1
distributedrepresentationsofbehaviourderivedobjectdimensionsinthehumanvisualsyst	0	M	1
fitnesstradeoffsrestricttheevolutionofresistancetoamphotericinb	1	L	1
discretehierarchicalorganizationofsocialgroupsizes	2	M	1
networkstructureandtheaggregationofinformationtheoryandevidencefromindonesia	2	S	1
beforeandbelowtheoryofmindembodiedsimulationandtheneuralcorrelatesofsocialcognit	1	M	0
asphaltrelatedemissionsareamajormissingnontraditionalsourceofsecondaryorganicaer	2	E	1
prevalenceofanemiainchronickidneydiseaseintheunitedstates	2	B	1
canmultigenerationalexposuretooceanwarmingandacidificationleadtotheadaptationofl	2	L	1
significantandstabledragreductionwithairringsconfinedbyalternatedsuperhydrophobi	1	G	1
agglomerationofinventioninthebayareanotjustict	2	S	1
hsv1singlecellanalysisrevealstheactivationofantiviralanddevelopmentalprogramsind	0	B	1
frictionsinacompetitiveregulatedmarketevidencefromtaxis	2	S	1
studyingmorphologicalintegrationandmodularityatmultiplelevelsconceptsandanalysis	0	L	0
ravensnewcaledoniancrowsandjackdawsparallelgreatapesinmotorselfregulationdespite	3	M	1
acontrollerforwalkingderivedfromhowhumansrecoverfromperturbations	1	G	1
helovesmehelovesmenot	3	M	1
mechanismdesignhowtoimplementsocialgoals	0	S	0
sir2paraloguescooperatetoregulatevirulencegenesandantigenicvariationinplasmodium	0	L	1
purelyorganicelectroluminescentmaterialrealizing100conversionfromelectricitytoli	0	C	1
thewestindiesasalaboratoryofbiogeographyandevolution	2	L	0
howtoimproveadolescentstressresponses	3	M	1
howincidentalvaluesfromtheenvironmentaffectdecisionsaboutmoneyriskanddelay	3	M	1
ecologicaltraitsaffecttheresponseoftropicalforestbirdspeciestolanduseintensity	1	L	1
higherprobabilityofcompoundfloodingfromprecipitationandstormsurgeineuropeunderan	2	E	1
theevolutionofnervoussystemcentralization	1	L	0
oceanicnavigationincorysshearwatersevidenceforacrucialroleofolfactorycuesforhomi	2	L	1
firmentryandmacroeconomicdynamicsastatelevelanalysis	1	S	1
crashandwaittheimpactofthegreatrecessionontheretirementplansofolderamericans	3	S	1
wingandbodykinematicsoftakeoffandlandingflightinthepigeoncolumbalivia	2	L	1
distinctplasmaimmunesignaturesinmecfsarepresentearlyinthecourseofillness	2	B	1
whenindividualbehaviourmattershomogeneousandnetworkmodelsinepidemiology	1	B	0
potentialconsequencesofclimatechangeforprimaryproductionandfishproductioninlarge	2	E	0
myosinisoformsandthemechanochemicalcrossbridgecycle	0	L	0
newsnoiseandfluctuationsanempiricalexploration	1	S	1
pheffectsontheelectrochemicalreductionofco2towardsc2productsonsteppedcopper	0	C	0
symbionttypeinfluencestrophicplasticityofamodelcnidariandinoflagellatesymbiosis	1	L	1
linkagemechanicsandpoweramplificationofthemantisshrimpsstrike	3	L	1
buildinginformationmodellingreviewwithpotentialapplicationsintunnelengineeringof	0	G	0
geneticanalysisoflicesupportsdirectcontactbetweenmodernandarchaichumans	3	L	1
globalinequalitydynamicsnewfindingsfromwidworld	3	S	1
spatiotemporalskinstraindistributionsevokelowvariabilityspikeresponsesincuneaten	0	M	1
graphtopologyplaysadeterminantroleintheevolutionofcooperation	1	X	0
prosocialinfluenceandopportunisticconformityinadolescentsandyoungadults	2	M	1
extendingbodyspaceinimmersivevirtualrealityaverylongarmillusion	3	M	1
reversevaccinologyandsubtractivegenomicsrevealnewtherapeutictargetsagainstmycopl	0	B	0
temporalandphylogeneticevolutionofthesauropoddinosaurbodyplan	2	L	1
developmentalplasticityofphysiologyandmorphologyindietrestrictedeuropeanshagnest	1	L	1
estimatingthevolumeandageofwaterstoredingloballakesusingageostatisticalapproach	1	E	1
areprivatemarketsandfilteringaviablesourceoflowincomehousingestimatesfromarepeat	2	S	1
potentialecologicalfootprintsofactivepharmaceuticalingredientsanexaminationofris	2	E	1
windscapeandtortuosityshapetheflightcostsofnortherngannets	2	L	1
neuralaffectivemechanismspredictmarketlevelmicrolending	2	M	1
liquiditytrapandexcessiveleverage	0	S	0
positiveoutcomesinfluencetherateandtimetopublicationbutnottheimpactfactorofpubli	2	X	1
multidimensionalmaterialsanddevicearchitecturesforfuturehybridenergystorage	0	C	0
thevalueofdemocracyevidencefromroadbuildinginkenya	3	S	1
stimuluspredictabilitymediatesaswitchinlocomotorsmoothpursuitperformanceforeigen	1	L	1
speakerlistenerneuralcouplingunderliessuccessfulcommunication	2	M	1
externallyinducedfrontoparietalsynchronizationmodulatesnetworkdynamicsandenhance	1	M	1
inferringfriendshipnetworkstructurebyusingmobilephonedata	2	S	1
retractedarticlehighreplicabilityofnewlydiscoveredsocialbehaviouralfindingsisach	2	X	1
agenerativemodelofmemoryconstructionandconsolidation	0	M	0
predictingexercisewithapersonalityfacetplanfulnessandgoalachievement	2	M	1
naturebeatsnurtureacasestudyofthephysiologicalfitnessoffreelivingandlaboratoryre	1	L	1
emergenceofagenesocioeconomicstatusinteractiononinfantmentalabilitybetween10mont	3	M	1
howdoredbloodcellsknowwhentodie	2	B	0
annualrhythmsthatunderliephenologybiologicaltimekeepingmeetsenvironmentalchange	1	L	0
increaseofextremeeventsinawarmingworld	2	E	1
generatingsupershedderscoinfectionincreasesbacterialloadandeggproductionofagastr	1	L	1
genomicislandsofspeciationinanophelesgambiae	0	L	1
theeyeshaveitregulatoryandstructuralchangesbothunderliecichlidvisualpigmentdiver	1	L	1
perilsandpitfallsofreportingsexdifferences	2	M	0
interfacialchemicalbondandinternalelectricfieldmodulatedzschemesvznin2s4mose2pho	0	C	1
simulationsituatedconceptualizationandprediction	1	M	0
scienceaudiencesmisinformationandfakenews	3	S	0
theeffectsoflaterallineablationandregenerationinschoolinggiantdanios	1	L	1
thelongreachofnurturingfamilyenvironments	3	M	1
therelationshipofsugartopopulationleveldiabetesprevalenceaneconometricanalysisof	2	B	1
thehappinessincomeparadoxrevisited	3	S	1
swingingatacocktailparty	2	M	1
theionotropicreceptorsir21aandir25amediatecoolsensingindrosophila	0	L	1
theediacaranemergenceofbilaterianscongruencebetweenthegeneticandthegeologicalfos	2	L	0
4dphysiologicallyadaptablecardiacpatcha4monthinvivostudyforthetreatmentofmyocard	1	B	1
consumersastaxauditors	2	S	1
aunifiedclassificationofalienspeciesbasedonthemagnitudeoftheirenvironmentalimpac	1	L	0
apyrolysisfreepathtowardsuperiorlycatalyticnitrogencoordinatedsingleatom	0	C	1
programmabletransparentorganicluminescenttags	1	C	1
amyloidionchannelsacommonstructurallinkforproteinmisfoldingdisease	0	B	0
harborsealvibrissamorphologysuppressesvortexinducedvibrations	2	L	1
abreathablebiodegradableantibacterialandselfpoweredelectronicskinbasedonallnanof	1	G	1
entropystabilizedoxides	0	C	1
achievingthe959595targetsforallapathwaytoendingaids	2	B	0
geneexpressionsignatureofcigarettesmokinganditsroleinlungadenocarcinomadevelopme	2	B	1
firstpersonexperienceofbodytransferinvirtualreality	3	M	1
outsideoptionsandthefailureofthecoaseconjecture	0	S	0
ecologicalconditionsduringwinteraffectsexualselectionandbreedinginamigratorybird	2	L	1
extraneousfactorsinjudicialdecisions	3	S	1
cellbasedtherapytechnologyclassificationsandtranslationalchallenges	1	B	0
nickelvanadiummonolayerdoublehydroxideforefficientelectrochemicalwateroxidation	0	C	1
fromcognitivetoneuralmodelsofworkingmemory	1	M	0
thejobmarketforneweconomistsamarketdesignperspective	2	S	0
removalof4chloro2methylphenoxyaceticacidfromwaterbymil101crmetalorganicframework	0	C	1
manywaystobesmalldifferentenvironmentalregulatorsofsizegeneratedistinctscalingre	1	L	1
seasonalinfluenceofwaveactiononthreadproductioninmytilusedulis	1	L	1
shrinkandsharehumanityspresentandfutureecologicalfootprint	2	E	1
biologyandmedicineinthelandscapeofquantumadvantages	1	X	0
communicatinguncertaintyaboutfactsnumbersandscience	2	M	1
reportingandmisreportingofsexdifferencesinthebiologicalsciences	2	M	1
whenlivesareputonholdlengthyasylumprocessesdecreaseemploymentamongrefugees	3	S	1
bushmeathuntingandextinctionrisktotheworldsmammals	2	L	1
themarkofcaptivityplasticresponsesintheankleboneofawildungulatesusscrofa	1	L	1
multipleproductfirmsandproductswitching	1	S	1
householdactionscanprovideabehavioralwedgetorapidlyreduceuscarbonemissions	3	E	1
doworkersworkmoreifwagesarehighevidencefromarandomizedfieldexperiment	2	S	1
fetalexposurestotoxicreleasesandinfanthealth	3	B	1
facebookusepredictsdeclinesinsubjectivewellbeinginyoungadults	3	M	1
roboticsinspiredbiology	2	G	0
missinginactionteacherandhealthworkerabsenceindevelopingcountries	3	S	1
doaltmetricsworktwitterandtenothersocialwebservices	2	X	1
haemactivatedpromiscuoustargetingofartemisinininplasmodiumfalciparum	1	B	1
newperspectivesonthedeclineofusmanufacturingemployment	3	S	1
keepingitsteady	2	M	1
whydontpresentbiasedagentsmakecommitments	2	S	0
recentprogressinunderstandinghydrophobicinteractions	0	C	0
normativedataforthe12itemwhodisabilityassessmentschedule20	1	B	1
advancesinthescienceandtreatmentofalcoholusedisorder	2	B	0
detectingemotionalcontagioninmassivesocialnetworks	3	M	1
quantumimagingofcurrentflowingraphene	0	P	1
whatsinabadgeacomputationalreproducibilityinvestigationoftheopendatabadgepolicyi	2	X	1
shiftsinprivacyconcerns	2	S	1
streptomycesinsideoutanewperspectiveonthebacteriathatprovideuswithantibiotics	1	L	0
fishandrobotsswimmingtogetherattractiontowardstherobotdemandsbiomimeticlocomotio	2	L	1
threedimensionalprintingofcomplexbiologicalstructuresbyfreeformreversibleembeddi	1	G	1
justaheartbeatawayfromonesbodyinteroceptivesensitivitypredictsmalleabilityofbody	1	M	1
testingthelimitsofpheromonestigmergyinhighdensityrobotswarms	1	G	1
socialidentityandpreferences	2	M	1
molecularstructureofhumankatpincomplexwithatpandadp	0	B	1
businessincomesatthetop	2	S	1
mechanicalmetamaterialsandbeyond	1	C	0
theechochambereffectonsocialmedia	3	S	0
singlecellrnasequencinghighlightstheroleofinflammatorycancerassociatedfibroblast	0	B	1
coppercarbonnanotubecompositesresearchtrendsandoutlook	0	C	0
ondemandhighcapacityridesharingviadynamictripvehicleassignment	2	X	1
monetarypolicywhenthecentralbankshapesfinancialmarketsentiment	1	S	0
compositelithiummetalanodebymeltinfusionoflithiumintoa3dconductingscaffoldwithli	0	C	1
lowfrequencylatticephononsinhalideperovskitesexplainhighdefecttolerancetowardele	0	C	1
negativemagnetoresistancewithoutwelldefinedchiralityintheweylsemimetaltap	0	P	1
matrixboundnanovesicleswithinecmbioscaffolds	0	B	1
understandingactivityandselectivityofmetalnitrogendopedcarboncatalystsforelectro	0	C	1
lipidperoxidationincreasesmembranetensionpiezo1gatingandcationpermeabilitytoexec	0	B	1
hippocampaldependentappetitivecontrolisimpairedbyexperimentalexposuretoawesterns	2	B	1
factorsthatmakeaninfectiousdiseaseoutbreakcontrollable	2	B	0
maternaldepressionwomensempowermentandparentalinvestmentevidencefromarandomizedc	2	S	1
prominentmisinformationinterventionsreducemisperceptionsbutincreasescepticism	3	M	1
whysocynical	3	M	1
communicationefficientfederatedlearningviaknowledgedistillation	0	X	0
languagestructureispartlydeterminedbysocialstructure	2	K	1
additivefreemxeneinksanddirectprintingofmicrosupercapacitors	0	C	1
selfstandingandflexiblecovalentorganicframeworkcofmembranesformolecularseparatio	0	C	1
mediaandpoliticalpersuasionevidencefromrussia	3	S	1
rheopexyofsynovialfluidandproteinaggregation	0	C	1
earlyintrinsichyperexcitabilitydoesnotcontributetomotoneurondegenerationinamyotr	0	B	1
expandingfrontiersinmaterialschemistryandphysicswithmultipleanions	0	C	0
superconductivityininfinitelayernickelatela1xcaxnio2thinfilms	0	P	1
systematicexaminationoflowintensityultrasoundparametersonhumanmotorcortexexcitab	1	M	1
apolipoproteine4acausativefactorandtherapeutictargetinneuropathologyincludingalz	0	B	0
contractingontime	0	S	0
howcanlowerincomecountriescollectmoretaxestheroleoftechnologytaxagentsandpolitic	2	S	1
theenergeticbenefitsoftendonspringsinrunningisthereductionofmuscleworkimportant	2	L	1
mooreslawversusmurphyslawalgorithmictradinganditsdiscontents	2	S	1
epsteinbarrvirusinfectionandnasopharyngealcarcinoma	1	B	0
misorientedhighentropyiridiumrutheniumoxideforacidicwatersplitting	0	C	1
peroxidationofpolyunsaturatedfattyacidsbylipoxygenasesdrivesferroptosis	0	B	1
fluorinedopedgraphenewithanoutstandingelectrocatalyticperformanceforefficientoxy	0	C	1
depressionanxietyandsmartphoneaddictioninuniversitystudentsacrosssectionalstudy	3	M	1
institutionformationinpublicgoodsgames	1	S	1
nanomeasurementswithmicrodevicesmechanicalpropertiesofhydratedcollagenfibrils	0	C	1
chemicalcompositionnutritionalprofileandinvivoantioxidantpropertiesofthecultivat	2	B	1
whathasmatteredtoeconomicssince1970	2	S	1
classificationofbreastcancerhistologyimagesusingconvolutionalneuralnetworks	1	B	1
syrianhamstersasasmallanimalmodelforsarscov2infectionandcountermeasuredevelopmen	2	B	1
flexiblegraphenephotodetectorsforwearablefitnessmonitoring	2	G	1
herdingsocialinfluenceandeconomicdecisionmakingsociopsychologicalandneuroscienti	2	M	0
isotopicallyenhancedtriplequantumdotqubit	0	P	1
historyinstitutionsandeconomicperformancethelegacyofcoloniallandtenuresystemsini	3	S	1
synchronousburstsonscalefreeneuronalnetworkswithattractiveandrepulsivecoupling	0	X	0
phosphorusinprebioticchemistry	2	L	0
releasingapreprintisassociatedwithmoreattentionandcitationsforthepeerreviewedart	2	X	1
remindersthroughassociation	3	M	1
youngchildrenshowthebystandereffectinhelpingsituations	3	M	1
unc93b1mediatesdifferentialtraffickingofendosomaltlrs	0	B	1
nanostructureandmolecularmechanicsofspiderdraglinesilkproteinassemblies	1	L	0
theriseandfallofdisabilityinsuranceenrollmentinthenetherlands	2	S	1
secondlifeandrecyclingenergyandenvironmentalsustainabilityperspectivesforhighper	2	E	0
swimspeedsandstrokepatternsinwingpropelleddiversacomparisonamongalcidsandapengui	2	L	1
electridesupportboostsnitrogendissociationoverrutheniumcatalystandshiftsthebottl	0	C	1
hemisphericalbrillouinzoneimagingofadiamondtypebiologicalphotoniccrystal	1	L	1
newcrosslinkersforelectrospunchitosanfibrematsichemicalanalysis	0	C	1
taxmansdilemmacoercionorpersuasionevidencefromarandomizedfieldexperimentinethiop	2	S	1
purepedotpsshydrogels	0	C	1
printedmultifunctionalflexibledevicewithanintegratedmotionsensorforhealthcaremon	2	G	1
developmentofmagnesiumcalciumphosphatebiocementforboneregeneration	0	B	1
swimmingoflarvalzebrafishontogenyofbodywavesandimplicationsforlocomotorydevelopm	1	L	1
determiningelasticpropertiesofskinbymeasuringsurfacewavesfromanimpulsemechanical	1	B	1
monopolypricediscriminationanddemandcurvature	0	S	0
broadbandtransparentopticalphasechangematerialsforhighperformancenonvolatilephot	0	C	1
modellingstrategiesforcontrollingsarsoutbreaks	2	B	0
thehumancoronavirushcov229esproteinstructureandreceptorbinding	0	B	1
engenderingpersistentorganicroomtemperaturephosphorescencebytraceingredientincor	0	C	1
quantifyingintermolecularinteractionsofionicliquidsusingcohesiveenergydensities	0	C	1
photonsandparticlesemittedfromcoldatmosphericpressureplasmainactivatebacteriaand	1	B	1
deliberatelystochastic	0	S	0
incentivesandstabilityinlargetwosidedmatchingmarkets	0	S	0
themanifoldcostsofbeinganonnativeenglishspeakerinscience	2	S	1
whogetsthejobreferralevidencefromasocialnetworksexperiment	2	S	1
albuminchaperonedcyaninedyeyieldssuperbrightniriifluorophorewithenhancedpharmaco	0	C	1
observationoflonglivedinterlayerexcitonsinmonolayermose2wse2heterostructures	0	P	1
estimatingthesuccessofreidentificationsinincompletedatasetsusinggenerativemodels	2	X	1
carbonmarkets15yearsafterkyotolessonslearnednewchallenges	2	S	0
essentialismandracialbiasjointlycontributetothecategorizationofmultiracialindivi	3	M	1
influenceofbirthratesandtransmissionratesontheglobalseasonalityofrotavirusincide	1	B	0
neuralcorrelatesofturntakinginthewildresponseplanningstartsearlyinfreeinterviews	2	M	1
stitchinghbnbyatomiclayerdepositionoflifasastableinterfaceforlithiummetalanode	0	C	1
cultureandcooperation	2	M	1
inversionoffrictionanisotropyinabioinspiredasymmetricallystructuredsurface	1	G	1
socialvulnerabilityfrailtyandmortalityinelderlypeople	2	B	1
thedevelopmentofopenaccessjournalpublishingfrom1993to2009	2	X	1
relationshipbetweensorptivityandcapillarycoefficientforwaterabsorptionofcementba	0	C	1
structuralpatternsatallscalesinanonmetallicchiralau133sr52nanoparticle	0	C	1
alinearpanelmodelwithheterogeneouscoefficientsandvariationinexposure	0	S	0
influenceofstrontiumforcalciumsubstitutioninbioactiveglassesondegradationionrele	0	C	1
blastrelatedfracturepatternsaforensicbiomechanicalapproach	2	B	1
theeconomicconsequencesofbankruptcyreform	2	S	1
theeconomicsofpolicingandpublicsafety	3	S	0
analysisofirissurfacefeaturesinpopulationsofdiverseancestry	2	B	1
lyingaversionandthesizeofthelie	2	M	1
constrainingfreeridinginpublicgoodsgamesdesignatedsolitarypunisherscansustainhum	2	M	1
peereffectsteacherincentivesandtheimpactoftrackingevidencefromarandomizedevaluat	2	S	1
migrantsandfirmsevidencefromchina	2	S	1
cheaperfasterdrugdevelopmentvalidatedbytherepositioningofdrugsagainstneglectedtr	2	B	1
allometryofhummingbirdliftingperformance	2	L	1
inflowboundaryprofileprescriptionfornumericalsimulationofnasalairflow	0	B	0
naintercalationpseudocapacitanceingraphenecoupledtitaniumoxideenablingultrafasts	0	C	1
polyanilineintercalatedmanganesedioxidenanolayersasahighperformancecathodemateri	0	C	1
moraldilemmasandtrustinleadersduringaglobalhealthcrisis	3	M	1
globalburdenofmaternalandcongenitalsyphilisandassociatedadversebirthoutcomesesti	2	B	1
subtlelinguisticcuesincreasegirlsengagementinscience	3	M	1
nanoparticlesizeandsurfacepropertiesdeterminetheproteincoronawithpossibleimplica	0	C	1
escalationofscrutinythegainsfromdynamicenforcementofenvironmentalregulations	2	S	1
trendsover5decadesinusoccupationrelatedphysicalactivityandtheirassociationswitho	2	B	1
persistentoverconfidenceandbiasedmemoryevidencefrommanagers	2	M	1
structuralmagneticandelectricalpropertiesofanewdoubleperovskitelanamnmoo6materia	0	C	1
thedevelopmentaloriginsofwellbeing	2	B	0
sunspotsinthelaboratory	2	S	1
functionalcrosstalkbetweentypeiandiiinterferonthroughtheregulatedexpressionofsta	0	B	1
thedynamicsofnacreselfassembly	2	L	0
magneticfieldsinnonconvectiveregionsofstars	0	P	0
tunalocomotionacomputationalhydrodynamicanalysisoffinletfunction	1	L	0
solubleamyloidβproteindimersisolatedfromalzheimercortexdirectlyinducetauhyperpho	0	B	1
surfaceagnostichighlystretchableandbendableconductivemxenemultilayers	0	C	1
publicdataarchivinginecologyandevolutionhowwellarewedoing	2	X	1
theacinardifferentiationdeterminantptf1ainhibitsinitiationofpancreaticductaladen	0	B	1
femalelaborsupplywhyistheunitedstatesfallingbehind	3	S	1
bureaucratsorpoliticianspartiasinglepolicytask	1	S	0
theeffectsofendogenousandexogenousnitricoxideongutmotilityinzebrafishdaniorerioe	0	L	1
hierarchicalmultiscalestructurepropertyrelationshipsoftheredbelliedwoodpeckermel	2	L	1
biomechanicsoforalmucosa	0	B	0
coverageandsystemefficienciesofinsecticidetreatednetsinafricafrom2000to2017	2	B	1
theeffectivenessofanaircleanerincontrollingdropletaerosolparticledispersionemitt	2	B	1
forcedsalesandhouseprices	3	S	1
lapsebasedinsurance	2	S	1
distinctinflammatoryprofilesdistinguishcovid19frominfluenzawithlimitedcontributi	2	B	1
evaluatingbehaviorallymotivatedpolicyexperimentalevidencefromthelightbulbmarket	2	S	1
oligomerizationofp62allowsforselectionofubiquitinatedcargoandisolationmembranedu	0	B	1
intrinsicmagnetictopologicalinsulatorsinvanderwaalslayeredmnbi2te4familymaterial	0	P	1
womenineconomicsmovinguporfallingofftheacademiccareerladder	3	S	1
accelerationfeedbackimprovesbalancingagainstreflexdelay	1	B	0
whenandwhyincentivesdontworktomodifybehavior	3	M	0
networkbasedinsilicodrugefficacyscreening	0	B	0
foodsecurityandemerginginfectiousdiseaseriskassessmentandriskmanagement	2	B	0
nitricoxideoxidantsandproteintyrosinenitration	0	B	0
thevictoriawestearliestpreparedcoretechnologyintheacheuleanatcanteenkopjeandimpl	3	H	1
theeffectsofantivaccineconspiracytheoriesonvaccinationintentions	3	M	1
expertcredibilityinclimatechange	3	M	1
100000spincoherentisingmachine	0	X	1
shapememorypolymernetworkwiththermallydistinctelasticityandplasticity	0	C	1
autopoiesiswithorwithoutcognitiondefininglifeatitsedge	2	L	0
shouldweinsureworkersorjobsduringrecessions	3	S	0
positivelychargedbioactivetimetalpreparedbysimplechemicalandheattreatments	0	C	1
shearingoffibrillaradhesivemicrostructurefrictionandshearrelatedchangesinpulloff	1	G	1
quantifyingthedilutioneffectformodelsinecologicalepidemiology	1	B	0
afaulttolerantaddressablespinqubitinanaturalsiliconquantumdot	0	P	1
waferscalegrowthoflargearraysofperovskitemicroplatecrystalsforfunctionalelectron	0	C	1
geologicalandtaphonomiccontextforthenewhomininspecieshomonaledifromthedinaledich	3	H	1
fractionaldiffusionmodelsofcardiacelectricalpropagationroleofstructuralheterogen	0	B	0
biologicalplausibilityandstochasticityinscalablevo2activememristorneurons	0	X	1
fromthegeneralizedreflectionlawtotherealizationofperfectanomalousreflectors	0	P	1
canmarginalratesofsubstitutionbeinferredfromhappinessdataevidencefromresidencych	2	S	1
investmentstrategyandselectionbiasanequilibriumperspectiveonoveroptimism	1	S	0
polymicrobialnatureofchronicdiabeticfootulcerbiofilminfectionsdeterminedusingbac	1	B	1
genderdifferencesincovid19attitudesandbehaviorpanelevidencefromeightcountries	3	M	1
theimpactofnearlyuniversalinsurancecoverageonhealthcareutilizationevidencefromme	3	S	1
mechanismsunderlyingrhythmiclocomotionbodyfluidinteractioninundulatoryswimming	1	L	0
essentialepidemiologicalmechanismsunderpinningthetransmissiondynamicsofseasonali	2	B	0
fiscalconsolidationinanopeneconomy	0	S	0
menstrualhygienepracticeswashaccessandtheriskofurogenitalinfectioninwomenfromodi	3	B	1
globalwarminghasincreasedglobaleconomicinequality	3	E	1
animalescapologyiiescapetrajectorycasestudies	2	L	0
inertandseedcompetenttaumonomerssuggeststructuraloriginsofaggregation	0	B	1
characterizingthereproductionnumberofepidemicswithearlysubexponentialgrowthdynam	1	B	0
validatingashorteneddepressionscale10itemcesdamonghivpositivepeopleinbritishcolu	1	B	1
ultrahighopencircuitvoltageoftinperovskitesolarcellsviaanelectrontransportinglay	0	C	1
biologicaltradeandmarkets	2	L	0
deepconservationofbivalvenacreproteinshighlightedbyshellmatrixproteomicsoftheuni	0	L	1
spiderorbwebsrelyonradialthreadstoabsorbpreykineticenergy	2	L	1
spreadofinfectiousdiseasethroughclusteredpopulations	1	B	0
selectiveinflammatorypaininsensitivityintheafricannakedmoleratheterocephalusglab	3	L	1
gametogenesisinmalariaparasitesismediatedbythecgmpdependentproteinkinase	0	B	1
ecmmimeticimmunomodulatoryhydrogelformethicillinresistantstaphylococcusaureusinf	0	B	1
viralpersistencereactivationandmechanismsoflongcovid	2	B	0
distortedgravitytheintensiveandextensivemarginsofinternationaltrade	0	S	1
gametecompatibilitygenesinmammalscandidatesapplicationsandapotentialpathforward	0	L	0
biologicalsolutionstotransportnetworkdesign	2	L	0
understandingthemechanismsthroughwhichaninfluentialearlychildhoodprogramboosteda	2	S	1
nutritionaleffectsonoocyteandembryodevelopmentinmammalsimplicationsforreproducti	1	L	0
stockpricesnewsandeconomicfluctuations	1	S	1
thegermanmodelofindustrialrelationsbalancingflexibilityandcollectiveaction	2	S	0
nanoneuroknittingpeptidenanofiberscaffoldforbrainrepairandaxonregenerationwithfu	2	B	1
effectofreactionsolventonhydroxyapatitesynthesisinsolgelprocess	0	C	1
equilibriumprovidernetworksbargainingandexclusioninhealthcaremarkets	1	S	1
adolescenceandthepathtomaturityinglobalretail	2	S	0
applicationofhydroxyapatitenanoparticlesintumorassociatedbonesegmentaldefect	0	B	1
angularmomentuminhumanwalking	1	L	1
eliminatinghumantuberculosisinthetwentyfirstcentury	2	B	0
friedmanspresidentialaddressintheevolutionofmacroeconomicthought	1	S	0
electrochemicalcharacterizationofmanganeseoxidesasawateroxidationcatalystinproto	0	C	1
avoidableerrorsinthemodellingofoutbreaksofemergingpathogenswithspecialreferencet	2	B	0
designingdurableicephobicsurfaces	2	G	1
onestepvolumetricadditivemanufacturingofcomplexpolymerstructures	1	G	1
rigidlyfoldableorigamigadgetsandtessellations	2	G	0
redbloodcellderivednanoerythrosomeforantigendeliverywithenhancedcancerimmunother	0	B	1
rescueofsalivaryglandfunctionafterstemcelltransplantationinirradiatedglands	1	B	1
theexperienceofempathyineverydaylife	3	M	1
parentsperceptionsoftheirchildrenasoverweightandchildrensweightconcernsandweight	3	M	1
stochasticfluctuationsinepidemicsonnetworks	0	B	0
insulinresistanceandriskofincidentcardiovasculareventsinadultswithoutdiabetesmet	2	B	0
elastinandcollagenfibremicrostructureofthehumanaortainageinganddiseaseareview	0	B	0
listeningtospeechinthepresenceofothersounds	2	M	0
nitrogendopedtungstencarbidenanoarrayasanefficientbifunctionalelectrocatalystfor	0	C	1
thehumanproteoformprojectdefiningthehumanproteome	1	B	0
influenceoftwinheadedgeminimicellarsystemonthestudyofmethionineaminoacidwithninh	0	C	1
pureandstablemetallicphasemolybdenumdisulfidenanosheetsforhydrogenevolutionreact	0	C	1
plasmasprayedcatisio5ceramiccoatingonti6al4vwithexcellentbondingstrengthstabilit	0	C	1
paidparentalleavelawsintheunitedstatesdoesshortdurationleaveaffectwomenslaborfor	3	S	1
healthengagementcontrolstrategiesand2yearchangesinolderadultsphysicalhealth	2	B	1
optimalproofburdensdeterrenceandthechillingofdesirablebehavior	1	S	0
comparativephylogeneticanalysesuncovertheancientrootsofindoeuropeanfolktales	3	K	1
currentincentivesforscientistsleadtounderpoweredstudieswitherroneousconclusions	2	X	0
alargeareaflexiblepressuresensormatrixwithorganicfieldeffecttransistorsforartifi	1	G	1
stateandtraiteffectsonindividualdifferencesinchildrensmathematicaldevelopment	2	M	1
thelongruneffectsofthescrambleforafrica	3	S	1
reducingbiasincreasingtransparencyandcalibratingconfidencewithpreregistration	2	X	0
theevolutionoftraditionalknowledgeenvironmentshapesmedicinalplantuseinnepal	2	K	1
alowdoseofdietaryresveratrolpartiallymimicscaloricrestrictionandretardsagingpara	2	B	1
sarcopeniaexacerbatesobesityassociatedinsulinresistanceanddysglycemiafindingsfro	2	B	1
structuralplasticityofthesocialbraindifferentialchangeaftersocioaffectiveandcogn	2	M	1
reducingpetroleumconsumptionfromtransportation	2	E	1
vaccinesagainstmalaria	2	B	0
efficientandselectivenalkylationofamineswithalcoholscatalysedbymanganesepincerco	0	C	1
roleoftwowayairflowowingtotemperaturedifferenceinsevereacuterespiratorysyndromet	2	B	1
mechanicalmodelsofsandfishlocomotionrevealprinciplesofhighperformancesubsurfaces	2	L	1
policyuncertaintytradeandwelfaretheoryandevidenceforchinaandtheunitedstates	2	S	1
tobuyornottobuyconsumerconstraintsinthehousingmarket	3	S	1
atetraploidintermediateprecedesaneuploidformationinyeastsexposedtofluconazole	0	L	1
growthforecasterrorsandfiscalmultipliers	2	S	1
spidersilkasanovelhighperformancebiomimeticmuscledrivenbyhumidity	2	G	1
exportdestinationsandinputprices	1	S	1
thenetworkstructureofinternationaltrade	1	S	1
deeptissueanatomicalimagingofmiceusingcarbonnanotubefluorophoresinthesecondneari	0	B	1
antibacterialburstreleasefromminimalagcontainingplasmapolymercoatings	0	C	1
proliferationofpd1cd8tcellsinperipheralbloodafterpd1targetedtherapyinlungcancerp	1	B	1
nanobodiessitespecificlabelingforsuperresolutionimagingrapidepitopemappingandnat	0	B	1
groupsofdiverseproblemsolverscanoutperformgroupsofhighabilityproblemsolvers	3	X	0
continuousangletunablebirefringencewithfreeformmetasurfacesforarbitrarypolarizat	0	P	1
persuasionthroughslantedlanguageevidencefromthemediacoverageofimmigration	3	S	1
aframeworkforthestudyofzoonoticdiseaseemergenceanditsdriversspilloverofbatpathog	2	B	0
persuadingvoters	1	S	0
thegenderwagegapanddomesticviolence	3	S	1
probabilisticanatomicalconnectivityderivedfromthemicroscopicpersistentangularstr	0	M	1
scalablefundingofbitcoinmicropaymentchannelnetworks	1	X	0
theretirementconsumptionpuzzleevidencefromaregressiondiscontinuityapproach	2	S	1
glioblastomasubclassescanbedefinedbyactivityamongsignaltransductionpathwaysandas	0	B	1
topologicalnatureofnonlinearopticaleffectsinsolids	0	P	0
importanceofinitialaorticpropertiesontheevolvingregionalanisotropystiffnessandwa	0	B	0
quantumcorrelationsareweavedbythespinorsoftheeuclideanprimitives	0	P	0
graphenebasedinplanemicrosupercapacitorswithhighpowerandenergydensities	0	C	1
whengodsanctionskilling	3	M	1
sarscov2covid19bythenumbers	2	B	0
balancesheetsandexchangeratepolicy	0	S	0
prospectsofhalidebasedallsolidstatebatteriesfrommaterialdesigntopracticalapplica	0	C	0
optimaltaxationanddebtwithuninsurableriskstohumancapitalaccumulation	0	S	0
neuromechanicalresponseofmusculoskeletalstructuresincockroachesduringrapidrunnin	1	L	1
theneuroeconomicsofmindreadingandempathy	1	M	0
generalscoresforaccessibilityandinequalitymeasuresinurbanareas	1	X	0
parentalinvestmentinchildhealthinsubsaharanafricaacrossnationalstudyofhealthseek	2	M	1
switchingtofastgrowththeinsulinlikegrowthfactorigfsysteminskeletalmuscleofatlant	0	L	1
findingfaultcausalityandcounterfactualsingroupattributions	2	M	1
greaterexposuretosexualcontentinpopularmoviespredictsearliersexualdebutandincrea	3	M	1
humanbonemarrowhematopoieticstemcellsareincreasedinfrequencyandmyeloidbiasedwith	0	B	1
turningbodyandselfinsideout	2	M	1
highlyintegratedminiaturizedstretchableelectronicsystemsbasedonstackedmultilayer	0	G	1
designingcomplexarchitecturedmaterialswithgenerativeadversarialnetworks	1	C	0
theeconomicimplicationsofhousingsupply	3	S	0
transgenerationalactionsofenvironmentalcompoundsonreproductivediseaseandidentifi	1	B	1
nsp1proteinofsarscov2disruptsthemrnaexportmachinerytoinhibithostgeneexpression	1	B	1
suctioncomponentinadhesionofmushroomshapedmicrostructure	1	G	1
tardnabindingprotein43tdp43associateswithstressgranulesanalysisofculturedcellsan	0	B	1
comparisonofhumangastrocnemiusforcespredictedbyhilltypemusclemodelsandestimatedf	1	B	1
identifyingairbornetransmissionasthedominantrouteforthespreadofcovid19	3	B	1
aetiologyspecificestimatesoftheglobalandregionalincidenceandmortalityofdiarrhoea	2	B	1
astretchableandstrainunperturbedpressuresensorformotioninterferencefreetactilemo	0	G	1
approachingtheidealelasticstrainlimitinsiliconnanowires	0	C	1
microloansinsecticidetreatedbednetsandmalariaevidencefromarandomizedcontrolledtr	2	B	1
contingentvaluationapracticalalternativewhenpricesarentavailable	2	S	0
resourceavailabilitymodulatesthecooperativeandcompetitivenatureofamicrobialcross	1	L	1
boronnitridecolloidalsolutionsultralightaerogelsandfreestandingmembranesthrougho	0	C	1
asymmetricinformationadverseselectionandonlinedisclosurethecaseofebaymotors	2	S	1
frequencypatternsofsemanticchangecorpusbasedevidenceofanearcriticaldynamicsinlan	2	K	1
allβcellscontributeequallytoisletgrowthandmaintenance	0	B	1
gatetunablevanderwaalsheterostructureforreconfigurableneuralnetworkvisionsensor	0	G	1
mechanicalresponsivenessoftheendothelialcellofschlemmscanalscopevariabilityandit	0	B	1
theoriginofultrahighpiezoelectricityinrelaxorferroelectricsolidsolutioncrystals	0	C	1
immunogenicityofadnavaccinecandidateforcovid19	2	B	1
chemicalactivationofthemechanotransductionchannelpiezo1	0	B	1
likelihoodbasedestimationofcontinuoustimeepidemicmodelsfromtimeseriesdataapplica	1	B	1
theregulatoryenzymesandproteinsubstratesforthelysineβhydroxybutyrylationpathway	0	B	1
subsidizingcreativitythroughnetworkdesignzeropricingandnetneutrality	2	S	0
epsteinbarrvirusprovidesanewparadigmarequirementfortheimmediateinhibitionofapopt	0	B	1
doesinformationbreakthepoliticalresourcecurseexperimentalevidencefrommozambique	2	S	1
bilateralalkylamineforsuppressingchargerecombinationandimprovingstabilityinblade	0	C	1
memristivephaseswitchingintwodimensional1ttas2crystals	0	P	1
sirt1regulatesinsulinsecretionbyrepressingucp2inpancreaticβcells	0	B	1
overcomingcatastrophicforgettinginneuralnetworks	2	X	1
ahighspeedsearchengineplink2withsystematicevaluationforproteomescaleidentificati	0	B	0
collapseofamphibiancommunitiesduetoanintroducedranavirus	2	L	1
musseladhesionessentialfootwork	2	L	0
empathyinclinicalpracticehowindividualdispositionsgenderandexperiencemoderateemp	3	M	1
theflowapproachtolabormarketsnewdatasourcesandmicromacrolinks	1	S	1
whenandhowdoeslabourleadtolovetheontogenyandmechanismsoftheikeaeffect	3	M	1
themacrodynamicsofsortingbetweenworkersandfirms	0	S	0
effectivenessoffacemaskstoreduceexposurehazardsforairborneinfectionsamonggeneral	2	B	0
exploringtheevolutionofatradeoffbetweenvigilanceandforagingingrouplivingorganism	1	L	0
afieldguidetopandemicepidemicandsporadicclonesofmethicillinresistantstaphylococc	1	B	0
somaticgrowthandtelomeredynamicsinvertebratesrelationshipsmechanismsandconsequen	1	L	0
anteriorinsularcortexplaysacriticalroleininteroceptiveattention	1	M	1
unphosphorylatedtwitchinformsacomplexwithactinandmyosinthatmaycontributetotensio	0	L	1
theexperienceschallengesandacceptanceofelearningasatoolforteachingduringthecovid	2	S	1
insilicosimulationofaclinicaltrialwithantictla4andantipdl1immunotherapiesinmetas	0	B	0
missingeventsineventstudiesidentifyingtheeffectsofpartiallymeasurednewssurprises	0	S	1
isthe2007ussubprimefinancialcrisissodifferentaninternationalhistoricalcomparison	2	S	1
vacuumrabisplittinginaplasmoniccavityatthesinglequantumemitterlimit	0	P	1
susceptibleinfectedrecoveredepidemicsindynamiccontactnetworks	1	B	0
metabolicprogramminginearlylifeinhumans	2	B	0
creditconstraintsandgrowthinaglobaleconomy	1	S	0
theimpactofpollutiononworkerproductivity	3	S	1
distinctexpressionlevelsandpatternsofstemcellmarkeraldehydedehydrogenaseisoform1	0	B	1
brexittheeconomicsofinternationaldisintegration	3	S	0
thepriceofpainandthevalueofsuffering	2	M	1
ankleplantarflexorforceproductionisanimportantdeterminantofthepreferredwalktorun	2	L	1
oldestcaveartfoundinsulawesi	3	H	1
professionalandhomemadefacemasksreduceexposuretorespiratoryinfectionsamongthegen	2	B	1
rutheniumcobaltnanoalloysencapsulatedinnitrogendopedgrapheneasactiveelectrocatal	0	C	1
marketsthecreditratingagencies	2	S	0
heterosubtypicneutralizingmonoclonalantibodiescrossprotectiveagainsth5n1andh1n1r	0	B	1
grapheneoxidebasedefficientandscalablesolardesalinationunderonesunwithaconfined2	2	C	1
miseryisnotmiserly	3	M	1
sparsenonlinearmodelsofchaoticelectroconvection	0	P	0
flexibleferroelectricelementbasedonvanderwaalsheteroepitaxy	0	C	1
serum25hydroxyvitamindandtheincidenceofacuteviralrespiratorytractinfectionsinhea	2	B	1
moleculardecodingusingluminescencefromanentangledporousframework	0	C	1
experimentalstudyofthebehaviouralmechanismsunderlyingselforganizationinhumancrow	2	M	1
ontheimpactofmodellingassumptionsinmultiscalesubjectspecificmodelsofaortichaemod	0	B	0
universalinterferometricsignaturesofablackholesphotonring	2	P	0
carbonbasedelectrocatalystsforadvancedenergyconversionandstorage	0	C	0
thelocomotorkinematicsandgroundreactionforcesofwalkinggiraffes	2	L	1
reproducibleresearchpracticesandtransparencyacrossthebiomedicalliterature	2	X	1
tio2thinfilmsbyultrasonicspraypyrolysisasphotocatalyticmaterialforairpurificatio	0	C	1
theroleofartificialintelligenceinachievingthesustainabledevelopmentgoals	2	X	1
nonthermaldielectricbarrierdischargeplasmainducesangiogenesisthroughreactiveoxyg	0	B	1
assessingthestabilityofhumanlocomotionareviewofcurrentmeasures	1	B	0
engineeringunsymmetricallycoordinatedcus1n3singleatomsiteswithenhancedoxygenredu	0	C	1
scienceandapplicationsofwaferscalecrystallinecarbonnanotubefilmspreparedthroughc	0	C	0
endolysosomesaretheprincipalintracellularsitesofacidhydrolaseactivity	0	B	1
whymoleculesmovealongatemperaturegradient	2	C	1
closeupofmushroomshapedfibrillaradhesivemicrostructurecontactelementbehaviour	1	G	1
osteocalcindifferentiallyregulatesβcellandadipocytegeneexpressionandaffectsthede	0	B	1
isitimportanttopreventearlyexposuretodrugsandalcoholamongadolescents	3	M	1
3dprintedeagleeyecompoundmicrolenssystemforfoveatedimaging	2	G	1
triboelectricnanogeneratorsensorsforsoftroboticsaimingatdigitaltwinapplications	1	G	1
astabilitybasedmechanismforhysteresisinthewalktrottransitioninquadrupedlocomotio	1	L	0
techniquestoassessboneultrastructureorganizationorientationandarrangementofminer	0	B	0
forgingpatternsandmakingwavesfrombiologytogeologyacommentaryonturing1952thechemi	2	L	0
peoplerejectalgorithmsinuncertaindecisiondomainsbecausetheyhavediminishingsensit	3	M	1
prophylacticandtherapeuticremdesivirgs5734treatmentintherhesusmacaquemodelofmers	2	B	1
wirelesssmartcontactlensfordiabeticdiagnosisandtherapy	2	B	1
largeproteinorganellesformanewironsequestrationsystemwithhighstoragecapacity	0	L	1
newalcoholrelatedgenessuggestsharedgeneticmechanismswithneuropsychiatricdisorder	2	B	1
chattymapsconstructingsoundmapsofurbanareasfromsocialmediadata	2	S	1
designandfunctionofbiomimeticmultilayerwaterpurificationmembranes	1	C	1
ultrahydrophobic3d2dfluoroarenebilayerbasedwaterresistantperovskitesolarcellswit	0	C	1
flameretardantpolyvinylalcoholmembranewithhightransparencybasedonareactivephosph	0	C	1
thehiddenzeroeffect	3	M	1
polarizationatmetalbiomolecularinterfacesinsolution	0	C	1
numericalsimulationofapectoralfinduringlabriformswimming	1	L	0
selectivelynitrogendopedcarbonmaterialsassuperiormetalfreecatalystsforoxygenredu	0	C	1
ageologicalhistoryofreflectingoptics	2	L	0
sustainablebiochartomitigateglobalclimatechange	2	E	0
bioinspiredshapememorygraphenefilmwithtunablewettability	1	C	1
robustcomponentarobustnessmeasurethatincorporatesaccesstocriticalfacilitiesunder	1	G	0
fishbioroboticskinematicsandhydrodynamicsofselfpropulsion	2	L	0
aquantumannealingarchitecturewithalltoallconnectivityfromlocalinteractions	0	X	0
naturedesignstoughcollagenexplainingthenanostructureofcollagenfibrils	0	C	0
evolutionofthemostcommonenglishwordsandphrasesoverthecenturies	3	K	1
thecaseforusingtherepeatabilitycoefficientwhencalculatingtestretestreliability	0	X	0
inairmicrofluidicsenablesrapidfabricationofemulsionssuspensionsand3dmodularbioma	0	G	1
opensciencechallengesbenefitsandtipsinearlycareerandbeyond	2	X	0
slidinginducedadhesionofstiffpolymermicrofibrearraysiimicroscalebehaviour	1	G	1
hydrodynamicsoftheescaperesponseinbluegillsunfishlepomismacrochirus	1	L	1
tougheningmechanismsinbioinspiredmultilayeredmaterials	1	C	1
unmaskingcleverhanspredictorsandassessingwhatmachinesreallylearn	3	X	1
aninformationtheoreticframeworkforresolvingcommunitystructureincomplexnetworks	0	X	0
magneticpolyεcaprolactoneirondopedhydroxyapatitenanocompositesubstratesforadvanc	0	C	1
costlyinformationacquisitionexperimentalanalysisofaboundedlyrationalmodel	1	M	1
analyticreproducibilityinarticlesreceivingopendatabadgesatthejournalpsychologica	2	X	1
poweredankleexoskeletonsrevealthemetaboliccostofplantarflexormechanicalworkdurin	2	B	1
terapascalstaticpressuregenerationwithultrahighyieldstrengthnanodiamond	0	C	1
canpsychologicaltraitsbeinferredfromspendingevidencefromtransactiondata	3	M	1
thethermodynamicscaleofinorganiccrystallinemetastability	0	C	1
addressingthestabilityissueofperovskitesolarcellsforcommercialapplications	0	C	0
machinelearningreprogrammablemetasurfaceimager	0	P	1
experimentalscattershotbosonsampling	0	P	1
definitionsmethodsandapplicationsininterpretablemachinelearning	1	X	0
intrusiondetectionsystemusingdeepneuralnetworkforinvehiclenetworksecurity	0	X	1
directionalpassiveliquidtransportthetexashornedlizardasamodelforabiomimeticliqui	2	L	1
chemicallyactivatingmos2viaspontaneousatomicpalladiuminterfacialdopingtowardseff	0	C	1
leafinspiredmultiresponsivemxenebasedactuatorforprogrammablesmartdevices	1	C	1
applicationsofconductingpolymersandtheirissuesinbiomedicalengineering	0	C	0
anetworkapproachtotopicmodels	0	X	0
costfunctiondependentbarrenplateausinshallowparametrizedquantumcircuits	0	X	0
empiricalassessmentofpublishedeffectsizesandpowerintherecentcognitiveneuroscienc	2	X	1
memoriesfadetherelationshipbetweenmemoryvividnessandrememberedvisualsalience	2	M	1
gravitysurveysusingamobileatominterferometer	1	P	1
eyemotiontriggeredselfpoweredmechnosensationalcommunicationsystemusingtriboelect	1	G	1
bioinspiredlargescalealignedporousmaterialsassembledwithdualtemperaturegradients	0	C	1
molecularoriginofnegativecomponentofhelmholtzcapacitanceatelectrifiedpt111wateri	0	C	1
fromtimeseriestocomplexnetworksthevisibilitygraph	0	X	0
nearfieldstrongcouplingofsinglequantumdots	0	P	1
acomprehensivereviewofswarmoptimizationalgorithms	0	X	0
conformalsurfaceplasmonspropagatingonultrathinandflexiblefilms	0	P	1
packinganddeployingsoftorigamitoandfromcylindricalvolumeswithapplicationtoautomo	2	G	1
moneyearlierorlatersimpleheuristicsexplainintertemporalchoicesbetterthandelaydis	3	M	1
hydrogelmicroenvironmentsforcancerspheroidgrowthanddrugscreening	0	B	1
skininspiredhighlystretchableandconformablematrixnetworksformultifunctionalsensi	0	G	1
thearchitectureofcomplexweightednetworks	1	X	1
earlyspreadofcovid19inromaniaimportedcasesfromitalyandhumantohumantransmissionne	2	B	1
wearabledisposablesweatbasedglucosemonitoringdevicewithmultistagetransdermaldrug	1	G	1
valleyselectivecirculardichroismofmonolayermolybdenumdisulphide	0	P	1
invivoatomicforcemicroscopyinfraredspectroscopyofbacteria	0	L	1
dualpolarityplasmonicmetalensforvisiblelight	0	P	1
carbondotsinzeolitesanewclassofthermallyactivateddelayedfluorescencematerialswit	0	C	1
processablecircularlypolarizedluminescencematerialenablesflexiblestereoscopic3di	0	C	1
distributionalandefficiencyimpactsofincreasedusgasolinetaxes	3	S	1
themechanismofbiomineralizationofbonelikeapatiteonsynthetichydroxyapatiteaninvit	0	C	1
plantsurfaceswithcuticularfoldsareslipperyforbeetles	2	L	1
conformableflexiblelargeareanetworksofpressureandthermalsensorswithorganictransi	0	G	1
competitionbetweenrecombinationandextractionoffreechargesdeterminesthefillfactor	0	C	1
fireclimatechangeandbiodiversityinamazoniaalateholoceneperspective	2	E	1
holographicacousticelementsformanipulationoflevitatedobjects	3	P	1
mechanicalandenergeticconsequencesofreducedankleplantarflexioninhumanwalking	2	B	1
strategiesforthechemicalandbiologicalfunctionalizationofscaffoldsforcardiactissu	0	B	0
earthquakedetectionthroughcomputationallyefficientsimilaritysearch	1	E	0
therubberhandillusionfeelingofownershipandproprioceptivedriftdonotgohandinhand	3	M	1
insightsintotheactivityofsingleatomfenccatalystsforoxygenreductionreaction	0	C	1
areanalysisofthecochranelibrarydatathedangersofunobservedheterogeneityinmetaanal	1	X	1
quasiballisticcarbonnanotubearraytransistorswithcurrentdensityexceedingsiandgaas	0	P	1
habituationinnonneuralorganismsevidencefromslimemoulds	3	L	1
theelusiveheisenberglimitinquantumenhancedmetrology	0	P	0
accountingforindirectlandusechangeinthelifecycleassessmentofbiofuelsupplychains	2	E	0
theuseofdefinitereferencessignalsdeclarativememory	1	M	1
thecostofreducinggreenhousegasemissions	3	S	0
singlesiteptdopedruo2hollownanosphereswithinterstitialcforhighperformanceacidico	0	C	1
anoverviewofchemoandsiteselectivityaspectsinthechemicalconjugationofproteins	0	C	0
antifungalactivityofwaterstablecoppercontainingmetalorganicframeworks	1	C	1
ultrasmoothorganicinorganicperovskitethinfilmformationandcrystallizationforeffic	0	C	1
selforganizing3dhumanneuraltissuederivedfrominducedpluripotentstemcellsrecapitul	2	B	1
howtobestsmashasnailtheeffectoftoothshapeoncrushingload	3	L	1
phresponsivepolymericmicellesselfassembledfromamphiphiliccopolymermodifiedwithli	0	C	1
robustomniphobicsurfaces	1	C	1
basicmathinmonkeysandcollegestudents	3	M	1
monolithicshapeprogrammabledielectricliquidcrystalelastomeractuators	0	G	1
dataavailabilityreusabilityandanalyticreproducibilityevaluatingtheimpactofamanda	2	S	1
machinelearningenablesinterpretablediscoveryofinnovativepolymersforgasseparation	0	C	0
understandingthediversityofthemetalorganicframeworkecosystem	0	C	0
micromotorenabledactivedrugdeliveryforinvivotreatmentofstomachinfection	2	B	1
scalableintegratedsinglephotonsource	0	P	1
twowayfixedeffectsestimatorswithheterogeneoustreatmenteffects	0	X	0
simplicialmodelsofsocialcontagion	1	X	0
nanohydroxyapatiteshapeanditspotentialroleinboneformationananalyticalstudy	0	C	1
planarintegratedsinglecrystallineperovskitephotodetectors	0	C	1
lightactivatedphotocurrentdegradationandselfhealinginperovskitesolarcells	0	C	1
auniversalselfchargingsystemdrivenbyrandombiomechanicalenergyforsustainableopera	2	G	1
preparationofsuspensionsofphospholipidcoatedmicrobubblesbycoaxialelectrohydrodyn	0	C	1
strainedhybridperovskitethinfilmsandtheirimpactontheintrinsicstabilityofperovski	0	C	1
gravitationalvacuumcondensatestars	2	P	0
chaosasanintermittentlyforcedlinearsystem	1	X	0
wholelimbkinematicsarepreferentiallyconservedoverindividualjointkinematicsafterp	1	B	1
phasingofdragonflywingscanimproveaerodynamicefficiencybyremovingswirl	2	L	1
ultrathinbismuthnanosheetsfrominsitutopotactictransformationforselectiveelectroc	0	C	1
contributionofelastictissuestothemechanicsandenergeticsofmusclefunctionduringmov	1	B	0
theeffectofopinionclusteringondiseaseoutbreaks	3	B	0
flexiblehighlyefficientallpolymersolarcells	0	C	1
onthelinearinprobabilitymodelforbinarydata	0	X	0
biomimeticsharkskindesignfabricationandhydrodynamicfunction	2	G	1
activitiesandregulationofpeptidoglycansynthases	0	L	0
doesscienceadvanceonefuneralatatime	3	S	1
tunablestackingfaultenergiesbytailoringlocalchemicalorderincrconimediumentropyal	0	C	1
mentalrotationinhumaninfants	3	M	1
steadydyneinforcesinduceflutterinstabilityandpropagatingwavesinmathematicalmodel	0	L	0
nanoscaleoriginsofthedamagetoleranceofthehighentropyalloycrmnfeconi	0	C	1
theopenknowledgefoundationopendatameansbetterscience	2	S	0
wirelesssoftmillirobotsforclimbingthreedimensionalsurfacesinconfinedspaces	2	G	1
laminarflowaroundcornerstriggerstheformationofbiofilmstreamers	1	L	1
theroleofheterogeneityincontacttiminganddurationinnetworkmodelsofinfluenzaspread	1	B	0
theeffectofnetworkmixingpatternsonepidemicdynamicsandtheefficacyofdiseasecontact	1	B	0
rolesofdiscontinuitiesinbioinspiredadhesivepads	1	G	1
ambipolarsolutionprocessedhybridperovskitephototransistors	0	C	1
heterogeneousfe3singleclustercatalystforammoniasynthesisviaanassociativemechanis	0	C	1
growthfactordeliverybasedtissueengineeringgeneralapproachesandareviewofrecentdev	0	B	0
theoriginoflifeasaplanetaryphenomenon	3	L	0
thelandingtakeoffasymmetryinhumanrunning	2	B	1
threedimensionalbioprintingofthickvascularizedtissues	2	B	1
studentslearningstyledetectionusingtreeaugmentednaivebayes	0	X	0
thebillioncellconstructwillthreedimensionalprintinggetusthere	2	B	0
wearableflexiblesweatsensorsforhealthcaremonitoringareview	1	G	0
integratingsocialandcognitiveaspectsofbeliefdynamicstowardsaunifyingframework	2	M	0
carbonnanotubebasedflexibleelectrothermalfilmheaterswithahighheatingrate	0	G	1
influenceofthewindlassmechanismonarchspringmechanicsduringdynamicfootarchdeforma	1	B	1
thepotentialofbiofuelsfromfirsttofourthgeneration	2	E	0
orallydeliverablestrategybasedonmicroalgalbiomassforintestinaldiseasetreatment	0	B	1
aselfhealableandhighlystretchablesupercapacitorbasedonadualcrosslinkedpolyelectr	0	G	1
efficientelectrochemicalproductionofglucaricacidandh2viaglucoseelectrolysis	0	C	1
roleofcontactelectrificationandelectrostaticinteractionsingeckoadhesion	2	L	1
acompactnessmeasureofsustainablebuildingforms	2	G	0
theevolutionoftrustandtrustworthiness	3	M	0
fullcolorfluorescentcarbonquantumdots	0	C	1
couldrevenuerecyclingmakeeffectivecarbontaxationpoliticallyfeasible	3	S	0
adsorptionandphotocatalysisformethylorangeandcdremovalfromwastewaterusingtio2sew	0	C	1
tantalusontheroadtoasymptopia	1	S	0
socialencounternetworkscollectivepropertiesanddiseasetransmission	1	B	1
patternorientedmodellingamultiscopeforpredictivesystemsecology	0	L	0
fromroomtemperaturetoharshtemperatureapplicationsfundamentalsandperspectivesonel	0	C	0
polyetherblockamidecopolymermembraneforco2n2separationtheinfluenceofthecastingso	0	C	1
thedispersalofplanetformingdiscstheoryconfrontsobservations	2	P	0
ontheroleofformandkinematicsonthehydrodynamicsofselfpropelledbodycaudalfinswimmi	1	L	0
ultralongroomtemperaturephosphorescencefromamorphousorganicmaterialstowardconfid	0	C	1
passiveelasticmechanismtomimicfishmuscleactioninanguilliformswimming	1	L	1
themajorityillusioninsocialnetworks	3	X	0
highentropyoxidesforreversibleenergystorage	0	C	0
horizontallyarrangedzincplateletelectrodepositsmodulatedbyfluorinatedcovalentorg	0	C	1
smartsoftcontactlensforwirelessimmunosensingofcortisol	2	B	1
modelbasedhierarchicalreinforcementlearningandhumanactioncontrol	1	M	1
removalmechanismsofdewviaselfpropulsionoffthegeckoskin	2	L	1
sparsifyingpriorsforbayesianuncertaintyquantificationinmodeldiscovery	0	X	0
grainstructurecontrolduringmetal3dprintingbyhighintensityultrasound	0	G	1
dynamictractionoflatticeconfinedplatinumatomsintomesoporouscarbonmatrixforhydrog	0	C	1
theextentandconsequencesofphackinginscience	2	S	1
promotingmotivationwithvirtualagentsandavatarsroleofvisualpresenceandappearance	2	M	1
metalearnersforestimatingheterogeneoustreatmenteffectsusingmachinelearning	0	X	0
electrochemicaloxygenreductioncatalysedbyni3hexaiminotriphenylene2	0	C	1
amperelevelcurrentdensityammoniaelectrochemicalsynthesisusingcuconanosheetssimul	0	C	1
highthroughputdetectionofethanolproducingcyanobacteriainamicrodropletplatform	0	L	1
onpixelwiseexplanationsfornonlinearclassifierdecisionsbylayerwiserelevancepropag	0	X	0
theflexuralstiffnessofsuperficialneuromastsinthezebrafishdanioreriolateralline	1	L	1
designofflexiblepolyphenyleneprotonconductingmembranefornextgenerationfuelcells	0	C	1
arereplicationratesthesameacrossacademicfieldscommunityforecastsfromthedarpascor	2	S	1
caudalfinshapemodulationandcontrolduringaccelerationbrakingandbackingmaneuversin	1	L	1
superconductingcavityelectroopticsaplatformforcoherentphotonconversionbetweensup	0	P	1
quantifyingsocialdistancingarisingfrompandemicinfluenza	2	B	1
theaerodynamiceffectsofwingwinginteractioninflappinginsectwings	1	L	1
hawkmothflightstabilityinturbulentvortexstreets	1	L	1
flexibleandselfpoweredtemperaturepressuredualparametersensorsusingmicrostructure	0	G	1
theoreticalthermodynamicandelectrochemicalanalysisofbiotindrugasanimpendingcorro	0	C	1
awearablechemicalelectrophysiologicalhybridbiosensingsystemforrealtimehealthandf	1	G	1
synthesisofantibacterialgoldnanoparticleswithdifferentparticlesizesusingchloroge	0	C	1
vanderwaalsmetalsemiconductorjunctionweakfermilevelpinningenableseffectivetuning	0	P	1
acomputationalstudyoftheaerodynamicsandforewinghindwinginteractionofamodeldragon	1	L	0
twodifferentsynchronousspectrofluorimetricapproachesforsimultaneousdetermination	0	C	1
asystematicpredictionofmultipledrugtargetinteractionsfromchemicalgenomicandpharm	0	B	0
thedynamicsofmethylammoniumionsinhybridorganicinorganicperovskitesolarcells	0	C	1
insituclickchemistrygenerationofcyclooxygenase2inhibitors	0	C	1
allweatherthermochromicwindowsforsynchronoussolarandthermalradiationregulation	1	C	1
biomaterialsinorthopaedics	0	B	0
insectlikeflappingwingmechanismbasedonadoublesphericalscotchyoke	1	G	1
doesthehindexhavepredictivepower	2	S	1
highperformanceplatinumsingleatomelectrocatalystforoxygenreductionreaction	0	C	1
montmorillonitecatalysedformationofrnaoligomersthepossibleroleofcatalysisintheor	2	L	1
molecularlyselectivenanoporousmembranebasedwearableorganicelectrochemicaldevicef	1	G	1
interactionsbetweengasliquidmasstransferandbubblebehaviours	0	G	0
wingflexibilityenhancesloadliftingcapacityinbumblebees	2	L	1
hydroplasticfoamingofgrapheneaerogelsandartificiallyintelligenttactilesensors	0	C	1
predictingnonsmallcelllungcancerprognosisbyfullyautomatedmicroscopicpathologyima	2	B	1
flatandmicrostructuredpolymericmembranesinorgansonchips	0	G	0
synthesisofhydrophilicandhydrophobiccarbonquantumdotsfromwasteofwinefermentation	1	C	1
dynamicsocialnetworksandtheimplicationsforthespreadofinfectiousdisease	2	B	1
highlyselectiveoxygenreductiontohydrogenperoxideontransitionmetalsingleatomcoord	0	C	1
soundgenerationinthesearobinprionotuscarolinusafishwithalternatesonicmusclecontr	2	L	1
comparingdreamtorealityanassessmentofadherenceofthefirstgenerationofpreregistere	2	S	1
lifecycleassessmentofmetalsascientificsynthesis	1	E	0
nucleicacidpurificationfromplantsanimalsandmicrobesinunder30seconds	2	L	1
doesstrategicabilityaffectefficiencyevidencefromelectricitymarkets	2	S	1
hierarchicalmos2tubularstructuresinternallywiredbycarbonnanotubesasahighlystable	0	C	1
tuningselectivityofelectrochemicalreactionsbyatomicallydispersedplatinumcatalyst	0	C	1
monotoniccodingofnumerosityinmacaquelateralintraparietalarea	2	M	1
randomsynapticfeedbackweightssupporterrorbackpropagationfordeeplearning	1	X	0
nonvolatileprogrammablesiliconphotonicsusinganultralowlosssb2se3phasechangemater	0	P	1
fluidicorigamiwithembeddedpressuredependentmultistabilityaplantinspiredinnovatio	1	G	1
provablysecureandhighratequantumkeydistributionwithtimebinqudits	0	P	1
effectofmanualanddigitalcontacttracingoncovid19outbreaksastudyonempiricalcontact	2	B	1
biomechanicsoffibrousproteinsoftheextracellularmatrixstudiedbybrillouinscatterin	0	L	1
untetheredsmallscalemagneticsoftrobotwithprogrammablemagnetizationandintegratedm	1	G	1
biomineralizationintegratingmechanismandevolutionaryhistory	2	L	0
subsidiesandtimediscountinginnewtechnologyadoptionevidencefromsolarphotovoltaics	3	S	1
stochasticroundingimplementationerroranalysisandapplications	0	X	0
metalandpolymermediatedsynthesisofporouscrystallinehydroxyapatitenanocompositesf	0	C	1
completecharacterizationofthestabilityofclustersynchronizationincomplexdynamical	0	X	0
highenergydensitynonaqueousallredoxflowlithiumbatteryenabledwithapolymericmembra	0	C	1
deformablewingkinematicsinfreeflyinghoverflies	1	L	1
reversiblehydrogenspilloverinruwo3xenhanceshydrogenevolutionactivityinneutralphw	0	C	1
howtobuildupbigteamscienceapracticalguideforlargescalecollaborations	2	S	0
networksintheunderstandingofeconomicbehaviors	1	S	0
theneurodevelopmentalbasisofmathanxiety	2	M	1
theadvantageofshortpapertitles	3	S	1
metalorganicframeworkswithhighcapacityandselectivityforharmfulgases	0	C	1
polymermolecularsemiconductorallorganiccompositesforhightemperaturedielectricene	0	C	1
noisenonlinearityandseasonalitytheepidemicsofwhoopingcoughrevisited	1	B	1
biomimeticandflexiblepiezoelectricmobileacousticsensorswithmultiresonantultrathi	0	G	1
biosynthesischaracterizationandantidenguevectoractivityofsilvernanoparticlesprep	1	C	1
modellingandpredictingtheeffectofsocialdistancingandtravelrestrictionsoncovid19s	2	B	0
directionalreversalsenablemyxococcusxanthuscellstoproducecollectiveonedimensiona	1	L	1
hybridchiraldomainwallsandskyrmionsinmagneticmultilayers	0	P	1
thefluiddynamicsofswimmingbyjumpingincopepods	2	L	1
singlelayeredorganicphotovoltaicswithdoublecascadingchargetransportpathways18eff	0	C	1
theeffectofintramuscularfatonskeletalmusclemechanicsimplicationsfortheelderlyand	2	B	1
barrenplateausinquantumneuralnetworktraininglandscapes	0	X	0
experimentaltestoflandauersprincipleinsinglebitoperationsonnanomagneticmemorybit	1	P	1
towardsoptimizationofpatternedsuperhydrophobicsurfaces	0	C	1
sagittalspinemovementsofsmalltherianmammalsduringasymmetricalgaits	1	L	1
ahighlyefficientpolysulfidemediatorforlithiumsulfurbatteries	0	C	1
exploringanaturallytailoredsmallmoleculeforstretchableselfhealingandadhesivesupr	0	C	1
highelectricalconductivityandcarriermobilityinocvdpedotthinfilmsbyengineeredcrys	0	C	1
detectingtaxonomicandphylogeneticsignalsinequidcheekteethtowardsnewpalaeontologi	1	L	1
biasesinpreferencesforsequencesofoutcomesinmonkeys	3	M	1
selectivehydrogenationof13butadieneonplatinumcopperalloysatthesingleatomlimit	0	C	1
copperfreeclickchemistryfordynamicinvivoimaging	0	C	1
artificialintelligencetheambiguouslabormarketimpactofautomatingprediction	3	S	0
awesparksprosocialityinchildren	3	M	1
spreadanddynamicsofthecovid19epidemicinitalyeffectsofemergencycontainmentmeasure	2	B	1
quantumchemicalinsightsfromdeeptensorneuralnetworks	0	X	0
debiasingtrainingimprovesdecisionmakinginthefield	2	M	1
singlemoleculemechanicsofmusseladhesion	1	L	1
viralloadandcontactheterogeneitypredictsarscov2transmissionandsuperspreadingeven	2	B	1
singlepixelimagingbymeansoffourierspectrumacquisition	0	P	1
onthestrengthofβsheetcrystallitesofbombyxmorisilkfibroin	0	C	1
chemicalboundaryengineeringanewroutetowardleanultrastrongyetductilesteels	0	C	1
abehavioraldemonstrationofoverconfidenceinjudgment	3	M	1
holographicmetasurfacegassensorsforinstantaneousvisualalarms	0	G	1
highlysensitivetwodimensionalmos2gassensordecoratedwithptnanoparticles	0	C	1
quantifyingflexibilityinthoughttheresiliencyofsemanticnetworksdiffersacrosstheli	2	M	1
evolutionofheterogeneityi2estimatesandtheir95confidenceintervalsinlargemetaanaly	0	X	1
onoptimalhierarchyofloadbearingbiologicalmaterials	1	C	0
leadingcountriesinglobalscienceincreasinglyreceivemorecitationsthanothercountrie	2	S	1
diracconeprotectedbynonsymmorphicsymmetryandthreedimensionaldiraclinenodeinzrsis	0	P	1
macromolecularcrowdingdirectsthemotionofsmallmoleculesinsidecells	1	L	1
povertyandeconomicdecisionmakingevidencefromchangesinfinancialresourcesatpayday	3	S	1
spontaneousoscillationsofelasticfilamentsinducedbymolecularmotors	0	L	0
controllingtheinfluenceofaugerrecombinationontheperformanceofquantumdotlightemit	0	C	1
theoriginofreplicatorsandreproducers	2	L	0
certifiedrandomaneworderforcoauthorship	2	S	0
biomimeticmaterialsresearchwhatcanwereallylearnfromnaturesstructuralmaterials	2	C	0
autocatalyticchemicalnetworksattheoriginofmetabolism	1	L	0
compliantandstretchablethermoelectriccoilsforenergyharvestinginminiatureflexible	0	G	1
discoveringgoverningequationsfromdatabysparseidentificationofnonlineardynamicals	0	X	0
magneticallysteerablebacterialmicrorobotsmovingin3dbiologicalmatricesforstimulir	2	G	1
relationshipsbetweenspecificsurfaceareaandporesizeinelectrospunpolymerfibrenetwo	0	C	0
miniatureopticalplanarcamerabasedonawideanglemetasurfacedoubletcorrectedformonoc	0	P	1
credibilityofpreprintsaninterdisciplinarysurveyofresearchers	2	S	1
topologicalanalysisofdifferentialeffectsofketamineandpropofolanaesthesiaonbraind	2	M	1
responsesofamazonianecosystemstoclimaticandatmosphericcarbondioxidechangessincet	2	E	1
investigatingthereplicabilityofpreclinicalcancerbiology	2	B	1
ontherelationshipbetweenserialintervalinfectiousnessprofileandgenerationtime	1	B	0
subwavelengththicklenseswithhighnumericalaperturesandlargeefficiencybasedonhighc	0	P	1
ihcprofileranopensourcepluginforthequantitativeevaluationandautomatedscoringofim	0	B	0
structuralandchemicalprofilingofthehumancytosolicsulfotransferases	0	B	1
thebidderscurse	3	S	1
protoncoupledelectrontransferthemechanisticunderpinningforradicaltransportandcat	0	C	0
justanothertoolforonlinestudiesjatosaneasysolutionforsetupandmanagementofwebserv	0	X	0
amechanicallycoupledreactiondiffusionmodelthatincorporatesintratumouralheterogen	1	B	0
bidshadingandbiddersurplusintheustreasuryauctionsystem	2	S	1
fromvolcanicoriginsofchemoautotrophiclifetobacteriaarchaeaandeukarya	2	L	0
quantificationoffeatherstructurewettabilityandresistancetoliquidpenetration	2	L	1
astochasticvisionbasedmodelinspiredbyzebrafishcollectivebehaviourinheterogeneous	1	L	0
eulerapedrawingareaproportional3venndiagramsusingellipses	0	X	0
crediblesalesmechanismsandintermediaries	0	S	0
howperceivedthreatincreasessynchronizationincollectivelymovinganimalgroups	2	L	0
artificialintelligencealgorithmicpricingandcollusion	3	S	1
newviewsoncellularuptakeandtraffickingofmanufacturednanoparticles	0	B	0
analternativetonullhypothesissignificancetests	0	X	0
causalmachinelearningforhealthcareandprecisionmedicine	0	X	0
theinfluenceofthemolecularpackingontheroomtemperaturephosphorescenceofpurelyorga	0	C	1
howdoesfictionreadinginfluenceempathyanexperimentalinvestigationontheroleofemoti	3	M	1
tomographictechniquesforthestudyofexceptionallypreservedfossils	2	H	0
brokenphysicsaconjunctionfallacyeffectinintuitivephysicalreasoning	3	M	1
proteinsfromextremophilesasstabletoolsforadvancedbiotechnologicalapplicationsofh	1	L	0
thecenterforepidemiologicstudiesdepressionscaleareviewwithatheoreticalandempiric	1	M	1
highperformancecombinatorialoptimizationbasedonclassicalmechanics	0	X	1
directmetabolitedetectionwithanntypeaccumulationmodeorganicelectrochemicaltransi	0	G	1
optimizedhydrophobicinteractionsandhydrogenbondingatthetargetligandinterfacelead	0	C	1
huygensclocksrevisited	3	P	1
predictionpolicyproblems	2	S	0
naturaloriginbiodegradablesystemsintissueengineeringandregenerativemedicineprese	0	B	0
highresolutionmeasurementsoffacetofacecontactpatternsinaprimaryschool	2	B	1
inferenceinregressiondiscontinuitydesignswithadiscreterunningvariable	0	X	0
mineralminimizationinnaturesalternativeteeth	2	L	1
microfibrillarstructureoftypeicollageninsitu	0	L	1
roomtemperatureferroelectricityincuinp2s6ultrathinflakes	0	C	1
rationallydesignedgraphenenanotube3darchitectureswithaseamlessnodaljunctionforef	0	C	1
relationalmobilitypredictsfasterspreadofcovid19a39countrystudy	2	B	1
exvivorheologyofspidersilk	1	L	1
hierarchicalnanostructuredconductingpolymerhydrogelwithhighelectrochemicalactivi	0	C	1
theprecisionrecallplotismoreinformativethantherocplotwhenevaluatingbinaryclassif	0	X	0
targeteddrugdeliveryapproachesbynanoparticulatecarriersinthetherapyofinflammator	0	B	0
detectingandquantifyingcausalassociationsinlargenonlineartimeseriesdatasets	0	X	0
quasimonoenergeticlaserplasmaaccelerationofelectronsto2gev	0	P	1
atomicresolutionstructureofadiseaserelevantaβ142amyloidfibril	0	B	1
fastmovingsoftelectronicfish	2	G	1
captureandconversionofco2atambientconditionsbyaconjugatedmicroporouspolymer	1	C	1
emergentsocialcohesionforcopingwithcommunitydisruptionsindisasters	2	S	1
2dtitaniumcarbidemxeneforwirelesscommunication	0	G	1
familiarvoicesaremoreintelligibleeveniftheyarenotrecognizedasfamiliar	2	M	1
achemicalmethodforfastandsensitivedetectionofdnasynthesisinvivo	0	L	1
highlyconductivepaperforenergystoragedevices	2	G	1
anisotropicandhierarchicalsicsio2nanowireaerogelwithexceptionalstiffnessandstabi	0	C	1
thermallystablesingleatomptmal2o3forselectivehydrogenationandcooxidation	0	C	1
replicabilityconfidenceandpriors	1	X	0
networksmallworldnessaquantitativemethodfordeterminingcanonicalnetworkequivalenc	0	X	0
spatialspreadofthewestafricaebolaepidemic	2	B	1
thefeasibilityofcoherentenergytransferinmicrotubules	1	L	0
aprincipalcomponentanalysisof39scientificimpactmeasures	1	S	1
diamondandbiology	0	C	1
transitionmetalassistedcarbonizationofsmallorganicmoleculestowardfunctionalcarbo	0	C	1
machinelearningpredictionofcancercellsensitivitytodrugsbasedongenomicandchemical	2	B	1
oopsscratchthatmonitoringonesownerrorsduringmentalcalculation	3	M	1
socialinfluenceandthecollectivedynamicsofopinionformation	2	M	0
thescalingofhumaninteractionswithcitysize	2	S	1
minimummassvascularnetworksinmultifunctionalmaterials	0	G	0
metasurfaceenabledquantumedgedetection	0	P	1
playingwithfearafieldstudyinrecreationalhorror	3	M	1
theevolvingroleofpreprintsinthedisseminationofcovid19researchandtheirimpactonthe	2	S	1
systematicevaluationofanatomicclockat21018totaluncertainty	1	P	1
grapheneenabledelectricallyswitchableradarabsorbingsurfaces	1	G	1
preschoolersprecisionoftheapproximatenumbersystempredictslaterschoolmathematicsp	3	M	1
solvinghighdimensionalpartialdifferentialequationsusingdeeplearning	0	X	0
relationbetweenthewidomlineandthedynamiccrossoverinsystemswithaliquidliquidphase	0	C	0
evaluatingamazonsmechanicalturkasatoolforexperimentalbehavioralresearch	2	M	1
kingposttrussasamotifforinternalstructureofmetamaterialwithcontrolledelasticprop	0	G	0
quantitativeanalysisoftheproteincoronaonfeptnanoparticlesformedbytransferrinbind	0	C	1
dynamicstructuralevolutionofironcatalystsinvolvingcompetitiveoxidationandcarburi	0	C	1
implementingparrondosparadoxwithtwocoinquantumwalks	1	P	1
allprintablebandedgemodulatedznonanowirephotodetectorswithultrahighdetectivity	0	G	1
cavityquantumelectrodynamicalpolaritonicallyenhancedelectronphononcouplingandits	0	P	0
degradationofmethylenebluebynaturalmanganeseoxideskineticsandtransformationprodu	0	C	1
genderdifferencesinchildrensarithmeticperformanceareaccountedforbygenderdifferen	3	M	1
transitionfromfractionaltoclassicalstokeseinsteinbehaviourinsimplefluids	0	C	1
multilevelcompressionofrandomwalksonnetworksrevealshierarchicalorganizationinlar	0	X	0
moiréexcitonsfromprogrammablequantumemitterarraystospinorbitcoupledartificiallat	0	P	0
approximateseriessolutionofmultidimensionaltimefractionalorderheatlikediffusione	0	X	0
acriticalreviewonapplicationsoftheavramiequationbeyondmaterialsscience	0	X	0
universaljosephsondiodeeffect	0	P	0
theeindexcomplementingthehindexforexcesscitations	2	S	1
foodchaintransportofnanoparticlesaffectsbehaviourandfatmetabolisminfish	2	L	1
adaptivefoveatedsinglepixelimagingwithdynamicsupersampling	0	P	1
impactofadrierearlymidholoceneclimateuponamazonianforests	2	E	1
revisedstandardsforstatisticalevidence	0	X	0
electricallyassisted3dprintingofnacreinspiredstructureswithselfsensingcapability	0	C	1
memstunabledielectricmetasurfacelens	0	P	1
towarddigitallycontrolledcatalystarchitectureshierarchicalnanoporousgoldvia3dpri	0	C	1
ultrafastselectivetransportofalkalimetalionsinmetalorganicframeworkswithsubnanom	0	C	1
sensitivityanalysisofinfectiousdiseasemodelsmethodsadvancesandtheirapplication	0	B	0
imagingandanalysisofathreedimensionalspiderwebarchitecture	2	L	1
topologicalmechanicsofgyroscopicmetamaterials	0	P	1
butterflymagnetoresistancequasi2ddiracfermisurfaceandtopologicalphasetransitioni	0	P	1
synthesisandcharacterizationofsilvernanoparticledecoratedcobaltnanocompositescoa	0	C	1
thebriefestofglances	2	M	1
tightfinitekeyanalysisforquantumcryptography	0	P	0
aweexpandspeoplesperceptionoftimealtersdecisionmakingandenhanceswellbeing	3	M	1
threedimensionalstruttedgraphenegrownbysubstratefreesugarblowingforhighpowerdens	0	C	1
theroleofthestriatuminaversivelearningandaversivepredictionerrors	1	M	1
electrolytesinducelongrangeorientationalorderandfreeenergychangesinthehbondnetwo	0	C	1
biomimicryintextilespastpresentandpotentialanoverview	2	G	0
greenandefficientthreecomponentsynthesisof4hpyrancatalysedbycufe2o4starchasamagn	0	C	1
experimentalverificationofanindefinitecausalorder	1	P	1
prospectivevirtualscreeningwithultrafastshaperecognitiontheidentificationofnovel	0	B	1
effectofacuteheatstressonratadrenalglandsamorphologicalandstereologicalstudy	0	B	1
emotionsasinfectiousdiseasesinalargesocialnetworkthesisamodel	2	M	1
floquettopologicalinsulatorsforsound	0	P	1
sensorycomputationalandcognitivecomponentsofhumancolourconstancy	1	M	0
bindingofbloodproteinstocarbonnanotubesreducescytotoxicity	0	C	1
spacetimecodingdigitalmetasurfaces	0	G	1
chunkinganddatacompressioninverbalshorttermmemory	2	M	1
chatgptoutperformscrowdworkersfortextannotationtasks	3	X	1
recentadvancesinmultidimensionalultrafastspectroscopy	0	C	0
synthesisofzeolitesnaaandnaxfromtabletcompressedandcalcinatedcoalflyash	0	C	1
efficientremovalofpharmaceuticalsfromwaterusinggraphenenanoplateletsasadsorbent	1	C	1
superspreadingeventsinitiatedtheexponentialgrowthphaseofcovid19withℛ0higherthani	2	B	1
theimpactofcovid19ontheworldwideairtransportationnetwork	2	S	1
ifwesharedatawillanyoneusethemdatasharingandreuseinthelongtailofscienceandtechno	2	S	1
estimatedeffectivenessofsymptomandriskscreeningtopreventthespreadofcovid19	2	B	0
insituinvestigationsofthephasechangebehaviouroftungstenoxidenanostructures	0	C	1
suspensionbiomechanicsofswimmingmicrobes	1	L	0
directandcostefficienthyperpolarizationoflonglivednuclearspinstatesonuniversal15	0	C	1
trainingofquantumcircuitsonahybridquantumcomputer	0	X	1
synthesisandstructurepropertiescharacterizationsoffourpolyurethanemodelhardsegme	0	C	1
manyvariationsonafewthemesabroaderlookatdevelopmentofiridescentscalesandfeathers	1	L	0
deepreinforcementlearningfordenovodrugdesign	0	X	0
descriptionofquantumcoherenceinthermodynamicprocessesrequiresconstraintsbeyondfr	0	P	0
forecastandcontrolofepidemicsinaglobalizedworld	2	B	0
catenaryopticsforachromaticgenerationofperfectopticalangularmomentum	1	P	1
hydraulichydrogelactuatorsandrobotsopticallyandsonicallycamouflagedinwater	2	G	1
fickssecondlawtransformedonepathtocloakinginmassdiffusion	1	P	0
characterizationsandmorphologyofsodiumtungstateparticles	0	C	1
istheeyemovementfieldconfusedaboutfixationsandsaccadesasurveyamong124researchers	1	M	1
competingmagneticphasesandfluctuationdrivenscalarspinchiralityinthekagomemetalym	0	P	1
tailoringmorphologyofcobaltnickellayereddoublehydroxideviadifferentsurfactantsfo	0	C	1
photosyntheticlightharvestingexcitonsandcoherence	1	L	0
selectiveidentificationofnewlysynthesizedproteinsinmammaliancellsusingbioorthogo	0	L	1
missingandspuriousinteractionsandthereconstructionofcomplexnetworks	0	X	0
peptidesbeforeandduringthenucleotideworldanoriginsstoryemphasizingcooperationbet	1	L	0
superspreadingeventsinthetransmissiondynamicsofsarscov2opportunitiesforintervent	2	B	0
co2hydrogenationtohighvalueproductsviaheterogeneouscatalysis	0	C	0
scenememoryismoredetailedthanyouthink	3	M	1
inferringsocialstatusandrichclubeffectsinenterprisecommunicationnetworks	2	X	1
networksandepidemicmodels	1	B	0
pentagrapheneanewcarbonallotrope	1	C	0
splicingtheactivephasesofcoppercobaltbasedcatalystsachieveshighratetandemelectro	0	C	1
ceramicmicroparticlesandcapsulesviamicrofluidicprocessingofapreceramicpolymer	0	C	1
payingnottogotothegym	3	S	1
bioinspirednanoscalematerialsforbiomedicalandenergyapplications	0	C	0
structuredinformationextractionfromscientifictextwithlargelanguagemodels	1	X	1
biddingforincompletecontractsanempiricalanalysisofadaptationcosts	1	S	1
optimalclassifierforimbalanceddatausingmatthewscorrelationcoefficientmetric	0	X	0
skinlikefabricforpersonalmoisturemanagement	2	G	1
powerofdatainquantummachinelearning	0	X	0
novelacridinebasedthiosemicarbazonesasturnonchemosensorsforselectiverecognitiono	0	C	1
linearnumericalmagnituderepresentationsaidchildrensmemoryfornumbers	2	M	1
nematictwistbendphasewithnanoscalemodulationofmolecularorientation	0	C	1
betweenaconditionalsantecedentanditsconsequentdiscoursecoherencevsprobabilisticr	1	M	1
effectoffrictiononoxidativegraphiteintercalationandhighqualitygrapheneformation	0	C	1
stimuliresponsivesurfacesforswitchablewettabilityandadhesion	1	C	0
anisotropicinplanethermalconductivityobservedinfewlayerblackphosphorus	0	C	1
globalsupplychaineffectsofcovid19controlmeasures	2	S	0
highperformancespiderwebsintegratingbiomechanicsecologyandbehaviour	2	L	0
auniversalligandmediatedmethodforlargescalesynthesisoftransitionmetalsingleatomc	0	C	1
forwardandinverseproblemsinthemechanicsofsoftfilaments	0	G	0
timeisoftheessenceexploringameaslesoutbreakresponsevaccinationinniameyniger	2	B	1
superconductivityinweylsemimetalcandidatemote2	0	P	1
theroleofcalciumandmagnesiumintheconcretetubesofthesandcastleworm	2	L	1
engineeringtriangularcarbonquantumdotswithunprecedentednarrowbandwidthemissionfo	0	C	1
origamibyfrontalphotopolymerization	0	G	1
interferenceoftheend	3	M	1
measurefordegreeheterogeneityincomplexnetworksanditsapplicationtorecurrencenetwo	0	X	0
publicuseandpublicfundingofscience	2	S	1
nanomofsastargeteddrugdeliveryagentstocombatantibioticresistantbacterialinfectio	1	C	1
prevalenceofearthsizeplanetsorbitingsunlikestars	3	P	1
searchingforintellectualturningpointsprogressiveknowledgedomainvisualization	1	X	0
assetdemandbasedtestsofexpectedutilitymaximization	0	S	0
weeklycovid19testingwithhouseholdquarantineandcontacttracingisfeasibleandwouldpr	2	B	0
resolvingenantiomersusingtheopticalangularmomentumoftwistedlight	0	C	1
whydontwesharedataandcodeperceivedbarriersandbenefitstopublicarchivingpractices	2	S	1
hiddenmarkovmodelsformonitoringcircadianrhythmicityintelemetricactivitydata	1	X	1
thecausalinterpretationoftwostageleastsquareswithmultipleinstrumentalvariables	0	X	0
happinessandtimepreferencetheeffectofpositiveaffectinarandomassignmentexperiment	3	M	1
addressablemetasurfacesfordynamicholographyandopticalinformationencryption	0	P	1
structuralwaterasanessentialcomonomerinsupramolecularpolymerization	0	C	1
areviewofπconjugatedpolymerbasednanocompositesformetalionbatteriesandsupercapaci	0	C	0
theunequaleffectsofthehealtheconomytradeoffduringthecovid19pandemic	2	S	1
functionalmaterialsbasedonmoleculeswithhydrogenbondingabilityapplicationstodrugc	0	C	0
flagellarsynchronizationthroughdirecthydrodynamicinteractions	1	L	1
curmatrixdecompositionsforimproveddataanalysis	0	X	0
accurateandtransferablemultitaskpredictionofchemicalpropertieswithanatomsinmolec	0	X	0
segmentanythinginmedicalimages	1	B	0
highperformancewearablethermoelectricgeneratorwithselfhealingrecyclingandlegolik	1	G	1
misuseofbeerlambertlawandothercalibrationcurves	0	C	0
theworldwideairtransportationnetworkanomalouscentralitycommunitystructureandciti	2	X	1
metalorganicframeworkswithfinetunedinterlayerspacingformicrowaveabsorption	0	C	1
madetoordermetalorganicframeworksfortracecarbondioxideremovalandaircapture	1	C	1
educationenhancestheacuityofthenonverbalapproximatenumbersystem	2	M	1
replacingacademicjournals	2	S	0
thehotpickuptechniqueforbatchassemblyofvanderwaalsheterostructures	0	C	1
orderlinesspredictsacademicperformancebehaviouralanalysisoncampuslifestyle	2	M	1
deeplearningmodeltopredictcomplexstressandstrainfieldsinhierarchicalcomposites	0	X	0
nanostructuredmesoporoussilicainfluenceofthepreparationconditionsonthephysicalsu	0	C	1
citationcountsandjournalimpactfactorsdonotcapturesomeindicatorsofresearchquality	2	S	1
chiralplasmonics	0	P	0
highlyefficientseparationofcarbondioxidebyametalorganicframeworkrepletewithopenm	1	C	1
broadbandandchiralbinarydielectricmetaholograms	0	P	1
ismathanxietyalwaysbadformathlearningtheroleofmathmotivation	3	M	1
coaxialwetspunyarnsupercapacitorsforhighenergydensityandsafewearableelectronics	0	G	1
experimentalinvestigationofperformancedifferencesbetweencoherentisingmachinesand	0	X	1
publicationbiasandthecanonizationoffalsefacts	2	S	0
integrateddigitalinvertersbasedontwodimensionalanisotropicres2fieldeffecttransis	0	G	1
culturemoderateschangesinlinguisticselfpresentationanddetailprovisionwhendeceivi	2	K	1
photothermallyandmagneticallycontrolledreconfigurationofpolymercompositesforsoft	0	G	1
themultiplicityofanalysisstrategiesjeopardizesreplicabilitylessonslearnedacrossd	2	S	0
throughtheeyesofabirdmodellingvisuallyguidedobstacleflight	2	L	0
unravellingthegenderproductivitygapinscienceametaanalyticalreview	2	S	0
phinducedmetalligandcrosslinksinspiredbymusselyieldselfhealingpolymernetworkswit	0	C	1
stimulusresponsiveroomtemperaturephosphorescencematerialswithfullcolortunability	0	C	1
aninvestigationofthefalsediscoveryrateandthemisinterpretationofpvalues	1	X	0
biometalsimagingandspeciationincellsusingprotonandsynchrotronradiationxraymicros	0	L	0
theoryanddataforsimulatingfinescalehumanmovementinanurbanenvironment	1	B	1
areviewofnanoparticlefunctionalityandtoxicityonthecentralnervoussystem	0	B	0
statisticalandmachinelearningforecastingmethodsconcernsandwaysforward	0	X	0
therapidadoptionofdatadrivendecisionmaking	2	S	1
astronomiaexmachinaahistoryprimerandoutlookonneuralnetworksinastronomy	2	P	0
whatisreplication	2	S	0
solvingtheapparentdiversityaccuracydilemmaofrecommendersystems	2	X	1
truenumericalcognitioninthewild	2	M	0
insightsfromunifyingmodernapproximationstoinfectionsonnetworks	0	B	0
architectureofcrossedlamellarbivalveshellsthesoutherngiantclamtridacnaderasarödi	1	L	1
internaliongatedorganicelectrochemicaltransistorabuildingblockforintegratedbioel	0	G	1
synthesisandcharacterizationofgeminisandimplicationsoftheirmicellarsolutiononnin	0	C	1
twodimensionalsemiconductingcovalentorganicframeworksviacondensationatarylmethyl	0	C	1
howsignificantarethepublicdimensionsoffacultyworkinreviewpromotionandtenuredocum	1	S	1
theunseenworldreflectionsonleeuwenhoek1677concerninglittleanimals	3	H	0
aneconomicanalysisofransomwareanditswelfareconsequences	2	S	0
growthofasteroidsplanetaryembryosandkuiperbeltobjectsbychondruleaccretion	1	P	0
deeplearningforuniversallinearembeddingsofnonlineardynamics	0	X	0
largeareagraphenebasednanofiltrationmembranesbyshearalignmentofdiscoticnematicli	0	C	1
orientedmolecularlyimprintedcavitieswithdualbindingsitesforhighlysensitiveandsel	0	C	1
beatingthechannelcapacitylimitforsuperdensecodingwithentangledququarts	0	P	1
extractingthemultiscalebackboneofcomplexweightednetworks	0	X	0
activehydrogenboostselectrochemicalnitratereductiontoammonia	0	C	1
humanmobilitynetworkstravelrestrictionsandtheglobalspreadof2009h1n1pandemic	2	B	1
cellulosenanocrystalsgrapheneoxidecompositefortheadsorptionandremovaloflevofloxa	0	C	1
multiwalledcarbonnanotubesinalfalfaandwheattoxicologyanduptake	2	L	1
dynamicdensityshapingofphotokineticecoli	1	L	1
opinionformationondynamicnetworksidentifyingconditionsfortheemergenceofpartisane	3	M	0
realizationofflatbandwithpossiblenontrivialtopologyinelectronickagomelattice	0	P	1
softmicromachineswithprogrammablemotilityandmorphology	1	G	1
whatcanwelearnfromexperimentsunderstandingthethreatstothescalabilityofexperiment	2	S	0
evaluatingthequalityofevidencefromanetworkmetaanalysis	1	B	0
datadrivencardiovascularflowmodellingexamplesandopportunities	1	B	0
artasaninvestmentandconspicuousconsumptiongood	3	S	0
bigdatanewtricksforeconometrics	2	X	0
covid19schoolclosuresandoutcomes	3	S	1
extraordinarystrainhardeningbygradientstructure	0	C	1
ischoiceinducedpreferencechangelonglasting	2	M	1
atwodimensionalπdconjugatedcoordinationpolymerwithextremelyhighelectricalconduct	0	C	1
bioavailabilityofsilvernanoparticlesandionsfromachemicalandbiochemicalperspectiv	1	C	0
whenchoicesaremistakes	3	M	1
anisotropicmagnetoresistancematerialsmodelsandapplications	0	P	0
thealgorithmicanatomyofmodelbasedevaluation	1	M	0
measuringlargescalesocialnetworkswithhighresolution	2	X	1
observationoftimereversalsymmetrybreakinginthebandstructureofaltermagneticruo2	0	P	1
metainferenceabayesianinferencemethodforheterogeneoussystems	0	X	0
rheotaxisfacilitatesupstreamnavigationofmammalianspermcells	2	L	1
networkmorphospace	0	X	0
electrochemicalammoniasynthesisvianitratereductiononfesingleatomcatalyst	0	C	1
theparietalcortexandtherepresentationoftimespacenumberandothermagnitudes	1	M	0
atunableazinecovalentorganicframeworkplatformforvisiblelightinducedhydrogengener	0	C	1
conjugatedorganicframeworkwiththreedimensionallyorderedstablestructureanddelocal	0	C	1
bioinformaticsandvariabilityindrugresponseaproteinstructuralperspective	0	B	0
efficientproductionoffewlayerblackphosphorusbyliquidphaseexfoliation	0	C	1
biomimeticanisotropicpolymericnanoparticlescoatedwithredbloodcellmembranesforenh	1	C	1
quantifyingtherolesofcellmotilityandcellproliferationinacircularbarrierassay	1	L	1
waterwhatssospecialaboutit	2	C	0
thedigitalrepressionofsocialmovementsprotestandactivismasyntheticreview	2	S	0
biomimeticnanocoatingswithexceptionalmechanicalbarrierandflameretardantpropertie	0	C	1
marmapapackageforimportingplottingandanalyzingbathymetricandtopographicdatainr	0	X	0
quantumwalksandwavepacketdynamicsonalatticewithtwistedphotons	0	P	1
activeandpassivewasteingovernmentspendingevidencefromapolicyexperiment	2	S	1
statisticalsignificancepvaluesandthereportingofuncertainty	2	X	0
influenceofcovid19confinementonstudentsperformanceinhighereducation	2	S	1
opticaltweezersforsinglecells	1	L	0
aswarmofslipperymicropropellerspenetratesthevitreousbodyoftheeye	2	B	1
anetworkintegrationapproachfordrugtargetinteractionpredictionandcomputationaldru	0	B	0
learningthesolutionoperatorofparametricpartialdifferentialequationswithphysicsin	0	X	0
globalmorphogeneticflowisaccuratelypredictedbythespatialdistributionofmyosinmoto	1	L	1
blueprintforamicrowavetrappedionquantumcomputer	1	X	0
goingbeyondhistologysynchrotronmicrocomputedtomographyasamethodologyforbiologica	0	L	0
documentcocitationanalysistoenhancetransdisciplinaryresearch	1	S	1
highdimensionalmethodsandinferenceonstructuralandtreatmenteffects	0	X	0
electromagneticreprogrammablecodingmetasurfaceholograms	0	P	1
ahybridpolymergelwithcontrolledratesofcrosslinkruptureandselfrepair	0	C	1
measuringthecrowdwithin	3	M	1
extractionoforganicchemistrygrammarfromunsupervisedlearningofchemicalreactions	0	X	0
bigcitysmallworlddensitycontactratesandtransmissionofdengueacrosspakistan	2	B	1
resolvingtheimpactofwaitingtimedistributionsonthepersistenceofmeasles	1	B	0
autonomousselfdrivinglaboratoriesareviewoftechnologyandpolicyimplications	2	X	0
twistandlocknutshellstructuresforhighstrengthandenergyabsorption	2	C	1
whodareswhoerrsdisentanglingcognitiveandmotivationalrootsofagedifferencesindecis	2	M	1
formationofnickelcobaltsulfideballinballhollowsphereswithenhancedelectrochemical	0	C	1
highspectralpuritykerrfrequencycombradiofrequencyphotonicoscillator	0	P	1
notnormaltheuncertaintiesofscientificmeasurements	2	X	1
novelcoronavirus2019ncovcovid19earlyestimationofepidemiologicalparametersandepid	2	B	1
highefficiencysinglephotongenerationvialargescaleactivetimemultiplexing	0	P	1
aversatilemofbasedtrapforheavymetalioncaptureanddispersion	1	C	1
theoperationalenvironmentandrotationalaccelerationofasteroid101955bennufromosiri	2	P	1
chiralitydetectionofenantiomersusingtwistedopticalmetamaterials	0	C	1
automatedidentificationofchickendistressvocalizationsusingdeeplearningmodels	2	L	1
loweringcoefficientoffrictionincualloyswithstablegradientnanostructures	0	C	1
mtdnamutationsincreasetumorigenicityinprostatecancer	0	B	1
universalmechanicalexfoliationoflargearea2dcrystals	0	C	1
topologicalrpdbihalfheuslersemimetalsanewfamilyofnoncentrosymmetricmagneticsuper	0	P	1
quantumcorrelationswithnocausalorder	1	P	0
terahertzelectricalwritingspeedinanantiferromagneticmemory	0	P	1
symmetrybreakingphasetransitionsinhighlyconcentratedsemen	2	L	1
therealizationeffectrisktakingafterrealizedversuspaperlosses	2	S	1
effectoflongtermageingongrapheneoxidestructureandthermaldecomposition	0	C	1
metasurfaceopticsforfullcolorcomputationalimaging	0	P	1
informationsearchindecisionsfromexperience	1	M	1
discoveryoflorentzviolatingtypeiiweylfermionsinlaalge	0	P	1
nonequilibriumprocessingleadstorecordhighthermoelectricfigureofmeritinpbtesrte	0	C	1
selfpropelledparticlesthattransportcargothroughflowingbloodandhalthemorrhage	2	B	1
fluidflowandspermguidanceasimulationstudyofhydrodynamicspermrheotaxis	1	L	0
publicationbiasinpsychologyadiagnosisbasedonthecorrelationbetweeneffectsizeandsa	2	S	1
optimalgovernanceandimplementationofvaccinationprogrammestocontainthecovid19pand	2	B	0
selfselectedormandatedopenaccessincreasescitationimpactforhigherqualityresearch	2	S	1
plotsofdataawebappforvisualizingdatatogetherwiththeirsummaries	0	X	0
largelanguagemodelssurpasshumanexpertsinpredictingneuroscienceresults	3	X	1
asurveyonhowpreregistrationaffectstheresearchworkflowbettersciencebutmorework	2	S	1
multirelationalorganizationoflargescalesocialnetworksinanonlineworld	1	X	1
longtermenhancementofbrainfunctionandcognitionusingcognitivetrainingandbrainstim	2	M	1
severedevelopmentaldyscalculiaischaracterizedbycoredeficitsinbothsymbolicandnons	2	M	1
usingcarbondioxideasabuildingblockinorganicsynthesis	1	C	0
ultrawidebandgapsemiconductorga2o3powerdiodes	0	G	1
adaptivelocomotionofartificialmicroswimmers	1	G	1
whenandhowselfcleaningofsuperhydrophobicsurfacesworks	2	C	1
sodiumchlorideonthesurfaceofeuropa	3	P	1
sevenstepstowardmoretransparencyinstatisticalpractice	1	X	0
systematicintegrationofbiomedicalknowledgeprioritizesdrugsforrepurposing	1	B	1
evadingthestrengthductilitytradeoffdilemmainsteelthroughgradienthierarchicalnano	0	C	1
demonstrationofuniversalparametricentanglinggatesonamultiqubitlattice	0	X	1
thegroundtruthaboutmetadataandcommunitydetectioninnetworks	1	X	1
signaturesoftheadlerbelljackiwchiralanomalyinaweylfermionsemimetal	0	P	1
pyaudioanalysisanopensourcepythonlibraryforaudiosignalanalysis	0	X	0
broadbandomnidirectionalantireflectioncoatingbasedonsubwavelengthsurfacemiereson	0	C	1
willingnesstoshareresearchdataisrelatedtothestrengthoftheevidenceandthequalityof	1	S	1
roomtemperaturecoherentcontrolofspindefectsinhexagonalboronnitride	0	P	1
universalsandculturalvariationinturntakinginconversation	2	K	1
seedlessgoldnanostarswithseedlikeadvantagesforbiosensingapplications	0	C	1
highlycompressible3dperiodicgrapheneaerogelmicrolattices	0	C	1
rapidevolutionofpearloystershellmatrixproteinswithrepetitivelowcomplexitydomains	1	L	1
quantumbiologyrevisited	2	L	0
structureandtopologyofbandstructuresinthe1651magneticspacegroups	0	P	0
edgebasedcompartmentalmodellingforinfectiousdiseasespread	0	B	0
measuringemotionalcontagioninsocialmedia	2	M	1
biologicaltoleranceofdifferentmaterialsinbulkandnanoparticulateforminaratmodelsa	0	B	1
exploitingshorttermmemoryinsoftbodydynamicsasacomputationalresource	1	G	1
practicalparameteridentifiabilityforspatiotemporalmodelsofcellinvasion	0	B	1
metaresearchwhyresearchonresearchmatters	2	S	0
threedimensionalopticalholographyusingaplasmonicmetasurface	0	P	1
opticalquantumconfinementandphotocatalyticpropertiesintwooneandzerodimensionalna	0	C	0
twodecadesofstudyingnoncovalentbiomolecularassembliesbymeansofelectrosprayioniza	0	L	0
highperformancetransistorsforbioelectronicsthroughtuningofchannelthickness	0	G	1
aneconomicanalysisofprivacyprotectionandstatisticalaccuracyassocialchoices	2	S	0
characterizationandanalysisofcarbonfibrereinforcedpolymercompositelaminateswithe	0	G	1
identificationofandcorrectionforpublicationbias	1	S	0
photoluminescencemechanismofcarbondotstriggeringhighcolorpurityredfluorescenceem	0	C	1
decolourizationofcrystalvioletusingnanosizednovelfluoritestructurega2zr2xwxo7pho	0	C	1
conceptsofferrovalleymaterialandanomalousvalleyhalleffect	0	P	0
thespreadofawarenessanditsimpactonepidemicoutbreaks	1	B	0
visuallongtermmemoryhasamassivestoragecapacityforobjectdetails	2	M	1
geographicroutinginsocialnetworks	2	X	0
combinatorialoptimizationbysimulatingadiabaticbifurcationsinnonlinearhamiltonian	0	X	0
parallelphotonicinformationprocessingatgigabyteperseconddataratesusingtransients	0	P	1
theglobalizabilityoftemporaldiscounting	2	S	1
towardsexactmoleculardynamicssimulationswithmachinelearnedforcefields	0	X	0
evidenceonresearchtransparencyineconomics	1	S	1
wettingpropertiesonnanostructuredsurfacesofcicadawings	2	L	1
amassspectrometricderivedcellsurfaceproteinatlas	0	B	1
programmablewettabilityonphotocontrolledgraphenefilm	0	C	1
hightransconductanceorganicelectrochemicaltransistors	0	G	1
laglocksyncslipthemanyphasesofcoupledflagella	1	L	1
interestcommunitiesandflowrolesindirectednetworksthetwitternetworkoftheukriots	2	X	1
hydrophilicdirectionalslipperyroughsurfacesforwaterharvesting	1	C	1
autocatalyticnetworksinbiologystructuraltheoryandalgorithms	0	L	0
reconfigurablenanoscalespinwavedirectionalcoupler	0	P	1
explorationofpyrazineembeddedantiaromaticpolycyclichydrocarbonsgeneratedbysoluti	0	C	1
tuningtheinstrumentsonicpropertiesinthespidersweb	2	L	1
n501ymutationofspikeproteininsarscov2strengthensitsbindingtoreceptorace2	2	B	1
currentdrivenmagnetizationswitchinginavanderwaalsferromagnetfe3gete2	0	P	1
writinginthegranulargelmedium	1	C	1
representinghigherorderdependenciesinnetworks	0	X	0
forceatlas2acontinuousgraphlayoutalgorithmforhandynetworkvisualizationdesignedfo	0	X	0
circularlypolarizedlightdetectionwithhotelectronsinchiralplasmonicmetamaterials	0	P	1
wearableredgreenbluequantumdotlightemittingdiodearrayusinghighresolutionintaglio	0	G	1
magnetitepollutionnanoparticlesinthehumanbrain	2	B	1
theidealselfatplay	2	M	1
naturalvanderwaalsheterostructuralsinglecrystalswithbothmagneticandtopologicalpr	0	P	1
mechanisticunderstandingofinvivoproteincoronaformationonpolymericnanoparticlesan	0	B	1
integratinghebbianandhomeostaticplasticitythecurrentstateofthefieldandfuturerese	0	M	0
multiplyperiodicstatesandisolatedskyrmionsinananisotropicfrustratedmagnet	0	P	1
theevolutionofdiatomsandtheirbiogeochemicalfunctions	1	L	0
mappingchangeinlargenetworks	0	X	0
observationofultralongvalleylifetimeinwse2mos2heterostructures	0	P	1
earlypreparationduringturntakinglistenersusecontentpredictionstodeterminewhattos	2	K	1
fragmentbindingtothensp3macrodomainofsarscov2identifiedthroughcrystallographicsc	0	B	1
adaptivecoevolutionarynetworksareview	0	X	0
stochasticdynamicsandnonequilibriumthermodynamicsofabistablechemicalsystemthesch	0	C	0
peptideandproteinsequenceanalysisbyelectrontransferdissociationmassspectrometry	0	L	1
nanodropletprocessingplatformfordeepandquantitativeproteomeprofilingof10100mamma	0	L	1
isolationofbiscopperkeyintermediatesincucatalyzedazidealkyneclickreaction	0	C	1
maximumentropyproductioninenvironmentalandecologicalsystems	1	E	0
structuralmodulationofπconjugatedlinkersindπadyesbasedontriphenylaminedicyanovin	0	C	1
atomicallythingalliumlayersfromsolidmeltexfoliation	0	C	1
quantifyinglayersimilarityinmultiplexnetworksasystematicstudy	0	X	0
anisotropiclightweightstrongandsuperthermallyinsulatingnanowoodwithnaturallyalig	1	C	1
favoringtheunfavoredselectiveelectrochemicalnitrogenfixationusingareticularchemi	0	C	1
highlyefficientdecompositionofammoniausinghighentropyalloycatalysts	0	C	1
nanosocketednickelparticleswithenhancedcokingresistancegrowninsitubyredoxexsolut	0	C	1
trimethylaminenoxidederivedzwitterionicpolymersanewclassofultralowfoulingbioinsp	0	C	1
noblemetalcomparablesersenhancementfromsemiconductingmetaloxidesbymakingoxygenva	0	C	1
attractivenoncovalentinteractionsinasymmetriccatalysislinksbetweenenzymesandsmal	0	C	0
quantizedcircularphotogalvaniceffectinweylsemimetals	0	P	1
electronicstructureelasticitydebyetemperatureandanisotropyofcubicwo3fromfirstpri	0	C	0
redoxresponsiveselfhealingmaterialsformedfromhostguestpolymers	0	C	1
mitigationofmaliciousattacksonnetworks	2	X	0
symmetrybasedindicatorsofbandtopologyinthe230spacegroups	0	P	0
pressurizedvascularsystemsforselfhealingmaterials	1	G	1
disentanglingthesizedependentgeometricandelectroniceffectsofpalladiumnanocatalys	0	C	1
selfhealingkineticsandthestereoisomersofdicyclopentadiene	0	C	1
cryoprotectionlyophilizationandphysicalstabilizationofrifampicinloadedflowerlike	0	C	1
mesoscaleturbulenceinlivingfluids	2	L	1
ironspermspermtemplatedsoftmagneticmicrorobots	2	G	1
lunarimpactbasinsrevealedbygravityrecoveryandinteriorlaboratorymeasurements	2	P	1
avariationalapproachtonicheconstruction	1	L	0
proteinhydrationdynamicsinsolutionacriticalsurvey	0	L	0
claymineraldiversityandabundanceinsedimentaryrocksofgalecratermars	2	P	1
thepowerofthelikeinadolescence	3	M	1
individualperformanceinteambasedonlinegames	2	M	1
towardtailoringmajoranaboundstatesinartificiallyconstructedmagneticatomchainsone	0	P	0
modularityandcommunitystructureinnetworks	0	X	0
thedynamicsofaudienceapplause	3	M	1
crystaltimereversalsymmetrybreakingandspontaneoushalleffectincollinearantiferrom	0	P	0
thekindofgroupyouwanttobelongtoeffectsofgroupstructureongroupaccuracy	2	M	1
experimentaldiscoveryofatopologicalweylsemimetalstateintap	0	P	1
multiplediracconesatthesurfaceofthetopologicalmetallabi	0	P	1
superabsorptioninanorganicmicrocavitytowardaquantumbattery	1	P	1
deepneuralnetworkprocessingofdeerdata	0	X	1
derivationofglobalionosphericsporadicecriticalfrequencyfoesdatafromtheamplitudev	0	E	1
emergenceofkondolatticebehaviorinavanderwaalsitinerantferromagnetfe3gete2	0	P	1
aquantumprobabilityexplanationforviolationsofrationaldecisiontheory	2	M	1
structureandtiestrengthsinmobilecommunicationnetworks	2	X	1
analysesofinternalstructuresanddefectsinmaterialsusingphysicsinformedneuralnetwo	0	C	0
structuralreducibilityofmultilayernetworks	0	X	0
counteractingestimationbiasandsocialinfluencetoimprovethewisdomofcrowds	2	M	1
infectiousdiseasecontrolusingcontacttracinginrandomandscalefreenetworks	1	B	0
lowenergyxrayfluorescencemicroscopyopeningnewopportunitiesforbiorelatedresearch	0	L	0
physicalmethodsforinvestigatingstructuralcoloursinbiologicalsystems	2	L	0
highlyenergytunablequantumlightfrommoirétrappedexcitons	0	P	1
gonewiththeheatafundamentalconstraintontheimagingofdustandmoleculargasintheearly	1	P	1
inferringsocialnetworkstructureinecologicalsystemsfromspatiotemporaldatastreams	1	L	0
thex3lypextendeddensityfunctionalforaccuratedescriptionsofnonbondinteractionsspi	0	C	0
experimentalevidenceofmassivescaleemotionalcontagionthroughsocialnetworks	3	M	1
onchipdualcombsourceforspectroscopy	0	P	1
understandingunravellingcarotenoidexcitedsingletstates	0	C	0
bacterialswimmingandoxygentransportnearcontactlines	1	L	1
synchrotronbaseddynamiccomputedtomographyoftissuemotionforregionallungfunctionme	0	B	1
recordingbrainactivitiesinunshieldedearthsfieldwithopticallypumpedatomicmagnetom	1	B	1
3dsteerableacousticallypoweredmicroswimmersforsingleparticlemanipulation	0	G	1
energyscalingandreductionincontrollingcomplexnetworks	0	X	0
chemicalelementtransportinstellarevolutionmodels	0	P	0
plateletderivedporousnanomotorforthrombustherapy	1	B	1
spontaneousmirrorsymmetrybreakingandoriginofbiologicalhomochirality	2	L	0
beliefsaboutessencesandtherealityofmentaldisorders	3	M	1
dynamicsonhigherordernetworksareview	0	X	0
thecaseforformalmethodologyinscientificreform	1	S	0
potentialenergyfunctionsforatomiclevelsimulationsofwaterandorganicandbiomolecula	0	C	0
exposuretoopposingviewsonsocialmediacanincreasepoliticalpolarization	3	S	1
kingfisherfeatherscolourationbypigmentsspongynanostructuresandthinfilms	2	L	1
dustandgritmatterabrasivesofdifferentsizeleadtoopposingdentalmicroweartexturesin	1	L	1
alcoholandgroupformation	3	M	1
analysisofpolarizationinqmmmmodellingofbiologicallyrelevanthydrogenbonds	0	C	0
metachronalwavesintheflagellarbeatingofvolvoxandtheirhydrodynamicorigin	1	L	1
systemsprotobiologyoriginoflifeinlipidcatalyticnetworks	1	L	0
thedualityofspatialdeathbirthandbirthdeathprocessesandlimitationsoftheisothermal	0	L	0
muscleperformanceinasoftbodiedterrestrialcrawlerconstitutivemodellingofstrainrat	1	L	1
nonlinearamplitudedynamicsinflagellarbeating	0	L	0
coherentdrivingandfreezingofbosonicmatterwaveinanopticallieblattice	0	P	1
makingsenseofdomainspecificity	1	M	0
lévyfluctuationsandmixingindilutesuspensionsofalgaeandbacteria	1	L	1
epidemicthresholdsindynamiccontactnetworks	0	B	0
anoteonimprovedfexpansionmethodcombinedwithriccatiequationappliedtononlinearevol	0	X	0
topologicallyprotectedelasticwavesinphononicmetamaterials	0	P	1
improvedcommunitydetectioninweightedbipartitenetworks	0	X	0
giantunconventionalanomaloushalleffectinthemetallicfrustratedmagnetcandidatekv3s	0	P	1
anovelopticalmicroscopeforimaginglargeembryosandtissuevolumeswithsubcellularreso	0	L	1
postmainsequenceplanetarysystemevolution	2	P	0
helicitydependentphotocurrentsinthechiralweylsemimetalrhsi	0	P	1
breathingdissipativesolitonsinmodelockedfiberlasers	0	P	1
segregationandpolarizationinurbanareas	2	S	1
poorwritingnotspecializedconceptsdrivesprocessingdifficultyinlegallanguage	3	K	1
emergenceofcoherentstructuresandlargescaleflowsinmotilesuspensions	0	L	0
abiologicalsubmicronthicknessopticalbroadbandreflectorcharacterizedusingbothligh	1	L	1
longlivedquantumcoherenceinphotosyntheticcomplexesatphysiologicaltemperature	2	L	1
robustdynamicclassesrevealedbymeasuringtheresponsefunctionofasocialsystem	2	X	1
findingstatisticallysignificantcommunitiesinnetworks	0	X	0
observationofthemottinsulatortosuperfluidcrossoverofadrivendissipativebosehubbar	0	P	1
synchronizationandcollectiveswimmingpatternsinfishhemigrammusbleheri	2	L	1
interfacedriventopologicalhalleffectinsrruo3sriro3bilayer	0	P	1
theoreticalexaminationofquantumcoherenceinaphotosyntheticsystematphysiologicalte	1	L	0
evolutionbeyondneodarwinismanewconceptualframework	2	L	0
anonparametricviewofnetworkmodelsandnewmangirvanandothermodularities	0	X	0
nonreciprocalresponsesfromnoncentrosymmetricquantummaterials	0	P	0
astudyofsynchronisationbetweentheflagellaofbullspermatozoawithrelatedobservation	1	L	1
attackrobustnessandcentralityofcomplexnetworks	1	X	1
swimminglikealgaebiomimeticsoftartificialcilia	1	G	1
proteomicprofilingofarchaeologicalhumanbone	2	H	1
supernovaeandtransientswithcircumstellarinteraction	2	P	0
mechanismofvariablestructuralcolourintheneontetraquantitativeevaluationofthevene	2	L	1
structureandopticalfunctionofamorphousphotonicnanostructuresfromavianfeatherbarb	1	L	1
thehindexofanetworknodeanditsrelationtodegreeandcoreness	0	X	0
quantumphysicsinneuroscienceandpsychologyaneurophysicalmodelofmindbraininteracti	2	M	0
prehistoricallymodifiedsoilsofcentralamazoniaamodelforsustainableagricultureinth	2	H	1
amodeltoidentifyurbantrafficcongestionhotspotsincomplexnetworks	2	X	0
doubleslitphotoelectroninterferenceinstrongfieldionizationoftheneondimer	1	P	1
implicationsofa34723333gyroldsubaerialmicrobialmatfromthebarbertongreenstonebelt	2	L	1
anisotropicstructuralcolorparticlesfromcolloidalphaseseparation	0	C	1
informationoverloadingroupcommunicationfromconversationtocacophonyinthetwitchcha	2	X	1
shearinducedorientationaldynamicsandspatialheterogeneityinsuspensionsofmotilephy	0	L	1
measurementofthecosmicrayprotonspectrumfrom40gevto100tevwiththedampesatellite	1	P	1
enzymaticallyactivebiomimeticmicropropellersforthepenetrationofmucingels	1	B	1
aninvisibleacousticsensorbasedonparitytimesymmetry	1	P	1
topologicalnodallinefermionsinspinorbitmetalpbtase2	0	P	1
quasipotentiallandscapeincomplexmultistablesystems	0	L	0
distinguishinginfluencebasedcontagionfromhomophilydrivendiffusionindynamicnetwor	1	X	1
resolutionlimitincommunitydetection	0	X	0
superfluidityintopologicallynontrivialflatbands	0	P	0
ultrasounddopplerguidedrealtimenavigationofamagneticmicroswarmforactiveendovascu	1	B	1
stableformationsofselfpropelledfishlikeswimmersinducedbyhydrodynamicinteractions	1	L	1
bioinspiredbrightnoniridescentphotonicmelaninsupraballs	1	C	1
bioinspiredstructuralcolorpatchwithanisotropicsurfaceadhesion	1	C	1
definingandidentifyingcommunitiesinnetworks	0	X	0
asilicononinsulatorslabfortopologicalvalleytransport	0	P	1
buildinglongtermempathyalargescalecomparisonoftraditionalandvirtualrealityperspe	3	M	1
nonlinearinstabilityinflagellardynamicsanovelmodulationmechanisminspermmigration	1	L	0
acmossiliconspinqubit	0	X	1
atmosphericcompositionandclimateontheearlyearth	2	E	0
experimentsandtheoryofundulatorylocomotioninasimplestructuredmedium	1	L	1
largeanomaloushalleffectdrivenbyanonvanishingberrycurvatureinthenoncolinearantif	0	P	1
themattheweffectinempiricaldata	3	S	1
largeintrinsicanomaloushalleffectinhalfmetallicferromagnetco3sn2s2withmagneticwe	0	P	1
chemotacticsyntheticvesiclesdesignandapplicationsinbloodbrainbarriercrossing	1	B	1
scalefreenetworksarerare	2	X	1
theinevitablejourneytobeing	1	L	0
asurfacecodequantumcomputerinsilicon	0	X	0
flagellardynamicsofaconnectedchainofactivepolarbrownianparticles	1	L	0
